ticker,forecast_time,news_time,news_title,cleaned_text,price_5d_return,volume_change_pct,label
AAPL,2023-01-18 09:00:00,2023-01-17 16:30:00,$HNHAF $HNHPD $AAPL - Trendforce cuts iPhone estimate after Foxconn delay https://t.co/rlnEwzlzzS,$hnhaf $hnhpd $aapl - trendforce cuts iphone estimate after foxconn delay https://t.co/rlnewzlzzs,0.034269189418969725,0.09468219826353641,HOLD
AAPL,2023-10-19 09:00:00,2023-10-18 16:30:00,"Rosenblatt Projects 47% Downside In Apple Shares, Warns Of Drop In iPhone Production","rosenblatt projects 47% downside in apple shares, warns of drop in iphone production",-0.029052071301799876,0.08287318038725888,DOWN
AAPL,2023-07-18 09:00:00,2023-07-17 16:30:00,"Munster Doubles Down, Says Apple Has 40% Upside This Year","munster doubles down, says apple has 40% upside this year",0.030040375592720103,-0.04418034766291501,UP
AAPL,2023-07-21 09:00:00,2023-07-20 16:30:00,"""I’ve owned the Apple Card for 3 months…this is why it sucks."" https://t.co/ngzSpdvFPK","""i’ve owned the apple card for 3 months…this is why it sucks."" https://t.co/ngzspdvfpk",0.0065551417693441305,0.20762421703490364,HOLD
AAPL,2023-02-24 09:00:00,2023-02-23 16:30:00,Apple closing all China stores and offices,apple closing all china stores and offices,-0.04554030117915864,0.14620347066383999,UP
AAPL,2024-06-07 09:00:00,2024-06-06 16:30:00,"Apple saw China iPhone units fall in November, Credit Suisse says","apple saw china iphone units fall in november, credit suisse says",0.024135237397391096,0.2894992448120286,DOWN
AAPL,2024-03-04 09:00:00,2024-03-03 16:30:00,$AAPL - Apple forecasts 100M+ 5G iPhone sales - report https://t.co/QhkaVvX1fZ,$aapl - apple forecasts 100m+ 5g iphone sales - report https://t.co/qhkavvx1fz,-0.03345107880377696,0.10802970511030674,DOWN
AAPL,2023-07-31 09:00:00,2023-07-30 16:30:00,Apple Averted An iPhone Fiasco With Phase 1 Trade Deal,apple averted an iphone fiasco with phase 1 trade deal,0.019195833713318677,-0.19604525857606114,HOLD
AAPL,2024-05-17 09:00:00,2024-05-16 16:30:00,Apple forecasts 100M+ 5G iPhone sales - report,apple forecasts 100m+ 5g iphone sales - report,0.0372575359285916,-0.21879565220682295,UP
AAPL,2024-08-30 09:00:00,2024-08-29 16:30:00,Apple Just Put the Swiss Watch Industry to Shame,apple just put the swiss watch industry to shame,0.009522146433523782,0.020893417562030114,DOWN
AAPL,2024-02-02 09:00:00,2024-02-01 16:30:00,Apple's iPhone 11 'massive' success - Wedbush,apple's iphone 11 'massive' success - wedbush,-0.034144018958264466,0.5805050134544905,UP
AAPL,2024-03-20 09:00:00,2024-03-19 16:30:00,Report: Apple's Fortunes In China Turn Around After iPhone 11 Launch,report: apple's fortunes in china turn around after iphone 11 launch,0.04406003080112164,-0.03245664237383905,DOWN
AAPL,2023-10-11 09:00:00,2023-10-10 16:30:00,"Roku Leads In Subscriber Battle With Apple, Amazon","roku leads in subscriber battle with apple, amazon",0.0353564393652499,0.08817566021328216,UP
AAPL,2023-06-05 09:00:00,2023-06-04 16:30:00,"Wearables Sales Surge, Bolstering Apple Stock","wearables sales surge, bolstering apple stock",0.023656212327063386,0.966977381127121,HOLD
AAPL,2023-12-04 09:00:00,2023-12-03 16:30:00,$AAPL - india confirms iPhone exports https://t.co/6ccIWkfSML,$aapl - india confirms iphone exports https://t.co/6cciwkfsml,-0.0018968366251471691,-0.0506576989725368,UP
AAPL,2023-03-14 09:00:00,2023-03-13 16:30:00,Apple breaks ground for Austin expansion,apple breaks ground for austin expansion,0.006530278327950834,-0.12741616749805518,HOLD
AAPL,2024-02-23 09:00:00,2024-02-22 16:30:00,"Apple breaks ground on new $1 billion Austin campus, as President Trump is set to arrive for tour","apple breaks ground on new $1 billion austin campus, as president trump is set to arrive for tour",-0.0072881340881230106,-0.137161947670972,DOWN
AAPL,2024-12-09 09:00:00,2024-12-08 16:30:00,"Apple canceled the premiere of ""The Banker"" from the AFI festival as it looks into unspecified ""concerns"" about the… https://t.co/AAkmr1m0mN","apple canceled the premiere of ""the banker"" from the afi festival as it looks into unspecified ""concerns"" about the… https://t.co/aakmr1m0mn",0.029884401567466634,0.21097025814605685,HOLD
AAPL,2023-10-10 09:00:00,2023-10-09 16:30:00,Apple Contractor Tells Employees to Stay Home as Coronavirus Cases Nearly Triple,apple contractor tells employees to stay home as coronavirus cases nearly triple,0.03474481267534557,0.030836879700312236,UP
AAPL,2024-03-18 09:00:00,2024-03-17 16:30:00,Apple delaying the theatrical release of “The Banker” after one of the movie’s producers was accused of assault by… https://t.co/rqPyMuLZob,apple delaying the theatrical release of “the banker” after one of the movie’s producers was accused of assault by… https://t.co/rqpymulzob,0.005615057717528904,-0.3790347154518955,UP
AAPL,2024-10-11 09:00:00,2024-10-10 16:30:00,Apple has 'deep concerns' Chinese-born ex-employees could flee country with trade secrets https://t.co/lybSDAYibb v… https://t.co/quM3HRynDB,apple has 'deep concerns' chinese-born ex-employees could flee country with trade secrets https://t.co/lybsdayibb v… https://t.co/qum3hryndb,0.0033068782623819626,0.1268721060194795,UP
AAPL,2023-04-24 09:00:00,2023-04-23 16:30:00,"Apple is using a new app to get volunteers for research on hearing, heart disease and women's health. https://t.co/h0lcGnHyqy","apple is using a new app to get volunteers for research on hearing, heart disease and women's health. https://t.co/h0lcgnhyqy",0.000605253925446636,-0.2809128979229413,DOWN
AAPL,2024-03-07 09:00:00,2024-03-06 16:30:00,Apple plans event to honor apps and developers,apple plans event to honor apps and developers,-0.06500691562932226,0.04632609053809933,UP
AAPL,2023-12-01 09:00:00,2023-11-30 16:30:00,Apple to Dodge $150-Per-IPhone Levy If Trump Delays Tariffs,apple to dodge $150-per-iphone levy if trump delays tariffs,0.006685288541876,-0.06331874149492567,DOWN
AAPL,2023-03-09 09:00:00,2023-03-08 16:30:00,"Apple's new Austin campus, which is expected to open in 2022, will initially house 5,000 employees, with the capaci… https://t.co/iyTNo40Aqp","apple's new austin campus, which is expected to open in 2022, will initially house 5,000 employees, with the capaci… https://t.co/iytno40aqp",0.03207451551175966,0.1404263973155273,DOWN
AAPL,2024-08-01 09:00:00,2024-07-31 16:30:00,UPDATE 1-Apple starts construction of new $1 billion campus in Texas,update 1-apple starts construction of new $1 billion campus in texas,0.004000161364724697,0.24911314385755934,UP
AAPL,2023-04-05 09:00:00,2023-04-04 16:30:00,Trade deal removes major hurdle for rally in Apple and tech,trade deal removes major hurdle for rally in apple and tech,0.018597935901698337,0.11308539855612665,UP
AAPL,2023-01-25 09:00:00,2023-01-24 16:30:00,"Billboard adding Apple, YouTube plays to Hot 100","billboard adding apple, youtube plays to hot 100",0.049182705171793684,-0.009570242236408122,UP
AAPL,2023-12-21 09:00:00,2023-12-20 16:30:00,"'Fast Money Halftime Report' Traders Advise Viewers On Microsoft, Apple And More","'fast money halftime report' traders advise viewers on microsoft, apple and more",-0.017313653646978455,-0.11026016982244446,DOWN
AAPL,2023-01-10 09:00:00,2023-01-09 16:30:00,Highlight: @danielhowley on iPhone tracking concerns: “The whole controversy really is that Apple has made a lot of… https://t.co/emyBEiWVfx,highlight: @danielhowley on iphone tracking concerns: “the whole controversy really is that apple has made a lot of… https://t.co/emybeiwvfx,0.04525462578176587,-0.09739401165123152,UP
AAPL,2024-10-01 09:00:00,2024-09-30 16:30:00,Trade Talk Euphoria Dominates But The Hong Kong Bill And Huawei Threaten To Upset The Apple Cart,trade talk euphoria dominates but the hong kong bill and huawei threaten to upset the apple cart,-0.005101765528571445,0.16030061292327558,HOLD
AAPL,2024-12-10 09:00:00,2024-12-09 16:30:00,U.S. appeals court denies Apple bid for rehearing in VirnetX patent case,u.s. appeals court denies apple bid for rehearing in virnetx patent case,0.021100393590616662,-0.17322594805730007,DOWN
AAPL,2024-09-04 09:00:00,2024-09-03 16:30:00,Dow Jones News: Microsoft Reveals Next Xbox; Apple Avoids Tariffs,dow jones news: microsoft reveals next xbox; apple avoids tariffs,-0.0314870530816892,-0.1265256840922404,UP
AAPL,2023-07-19 09:00:00,2023-07-18 16:30:00,$AAPL - Apple Could Still Be In For More Pain. https://t.co/DgJ8CAtumt #finance #business #stockmarket,$aapl - apple could still be in for more pain. https://t.co/dgj8catumt #finance #business #stockmarket,0.028086640201589352,0.6672251191802552,DOWN
AAPL,2023-12-22 09:00:00,2023-12-21 16:30:00,Apple Is a Great Company With a Dubious Valuation,apple is a great company with a dubious valuation,-0.020094149281415064,-0.20078309041036946,HOLD
AAPL,2023-05-19 09:00:00,2023-05-18 16:30:00,$AAPL - The Best Is Yet To Come As Apple Moves Into Media Production. Read more and sign up for updates:… https://t.co/keLPaSMLdn,$aapl - the best is yet to come as apple moves into media production. read more and sign up for updates:… https://t.co/kelpasmldn,0.015008380529442977,-0.14790363483961788,DOWN
AAPL,2023-09-29 09:00:00,2023-09-28 16:30:00,After a early morning mishap on $SPY $ZM taking control here with $BA $AAPL $AMZN. $SPY $ZM both would be wins now too.,after a early morning mishap on $spy $zm taking control here with $ba $aapl $amzn. $spy $zm both would be wins now too.,-0.020481644886873762,-0.07875206059572537,UP
AAPL,2023-08-16 09:00:00,2023-08-15 16:30:00,"Apple and Microsoft helped lift the Dow industrials above 28000 for the first time earlier this month, underscoring… https://t.co/r4E08YGhXL","apple and microsoft helped lift the dow industrials above 28000 for the first time earlier this month, underscoring… https://t.co/r4e08yghxl",-0.0090913917447204,0.07661854176504845,DOWN
AAPL,2024-07-24 09:00:00,2024-07-23 16:30:00,"Apple is worth more than the entire S&P 500 Energy index combined, including industry titans like Exxon and Chevron https://t.co/cyNKFPF2A4","apple is worth more than the entire s&p 500 energy index combined, including industry titans like exxon and chevron https://t.co/cynkfpf2a4",-0.04517656141249127,0.5459743795717249,HOLD
AAPL,2024-03-15 09:00:00,2024-03-14 16:30:00,"Apple shares flex muscles as Trump, Cook tour facilities","apple shares flex muscles as trump, cook tour facilities",0.011070107403180707,0.6698238323492907,UP
AAPL,2024-01-08 09:00:00,2024-01-07 16:30:00,Large cap Tech call flows hot early $MSFT $AAPL $NVDA $FB,large cap tech call flows hot early $msft $aapl $nvda $fb,-0.036202156884097114,-0.05186302595235304,HOLD
AAPL,2023-04-06 09:00:00,2023-04-05 16:30:00,$SPY $DIA $QQQ $AAPL $SOXX $XRT $ULTA $TNX $USDX $WTI #NonfarmPayrolls #NonfarmPrivatePayrolls #AvgHourlyEarnings… https://t.co/2IllcPozPO,$spy $dia $qqq $aapl $soxx $xrt $ulta $tnx $usdx $wti #nonfarmpayrolls #nonfarmprivatepayrolls #avghourlyearnings… https://t.co/2illcpozpo,0.014166069494404576,-0.11883902103793897,DOWN
AAPL,2023-05-26 09:00:00,2023-05-25 16:30:00,Grab Your Smart Watch and Start Tracking Apple Stock,grab your smart watch and start tracking apple stock,0.0015413850652383765,-0.021821924674847448,UP
AAPL,2024-10-18 09:00:00,2024-10-17 16:30:00,"RECAP 11/22 Chatter:
$SQ + $JPM
$VHC - $AAPL patent award vacated
$FLOW + Unit sale to $APO
$X + Increases prices… https://t.co/Rnyo55slwT","recap 11/22 chatter:
$sq + $jpm
$vhc - $aapl patent award vacated
$flow + unit sale to $apo
$x + increases prices… https://t.co/rnyo55slwt",0.0327400432798397,0.40727954949111655,UP
AAPL,2024-10-30 09:00:00,2024-10-29 16:30:00,"Stock Market Update: Apple trades in-line with broad market, but other FAANG stocks gain","stock market update: apple trades in-line with broad market, but other faang stocks gain",-0.002860064218370262,0.32904069209310727,DOWN
AAPL,2023-12-08 09:00:00,2023-12-07 16:30:00,"VIDEO☞ https://t.co/sqsajlr4gl Stock Market Analysis 11/22/19
$SPY $QQQ $IWM $XLF $SMH $IBB $AAPL $C $BAC #AVWAP","video☞ https://t.co/sqsajlr4gl stock market analysis 11/22/19
$spy $qqq $iwm $xlf $smh $ibb $aapl $c $bac #avwap",0.023373776889286324,0.12487336159923501,DOWN
AAPL,2024-01-02 09:00:00,2024-01-01 16:30:00,VirnetX +5% after appeals court denies Apple bid,virnetx +5% after appeals court denies apple bid,-0.041115735862172764,0.933082740244797,DOWN
AAPL,2023-12-05 09:00:00,2023-12-04 16:30:00,Trump Sets Up Clash in Congress With $4 Billion Cut for Warships,trump sets up clash in congress with $4 billion cut for warships,0.015861367485667133,0.5355881031125043,DOWN
AAPL,2024-03-14 09:00:00,2024-03-13 16:30:00,$VIAC $VIACA $FOX - MoffettNathanson expects NFL TV costs to skyrocket https://t.co/APfxEqSSRF,$viac $viaca $fox - moffettnathanson expects nfl tv costs to skyrocket https://t.co/apfxeqssrf,0.023668639053254337,0.3891275645996186,HOLD
AAPL,2024-07-18 09:00:00,2024-07-17 16:30:00,Columbia Sportswear Company Reports Fourth Quarter and Record Full Year 2019 Financial Results; Provides 2020 Financial Outlook,columbia sportswear company reports fourth quarter and record full year 2019 financial results; provides 2020 financial outlook,-0.01489657924740384,0.15151388329418491,HOLD
AAPL,2023-05-16 09:00:00,2023-05-15 16:30:00,"$SOL - ReneSola EPS beats by $0.01, beats on revenue https://t.co/8x62RlMKic","$sol - renesola eps beats by $0.01, beats on revenue https://t.co/8x62rlmkic",0.0017465392344169217,0.12997126120638525,HOLD
AAPL,2024-02-28 09:00:00,2024-02-27 16:30:00,The euro is approaching record-low levels vs. the Swiss franc,the euro is approaching record-low levels vs. the swiss franc,-0.004936425620436502,-0.09876856858294258,HOLD
AAPL,2023-08-29 09:00:00,2023-08-28 16:30:00,Bull camp empty on Sally Beauty,bull camp empty on sally beauty,0.03887603428169473,0.20956306038013994,UP
AAPL,2024-07-30 09:00:00,2024-07-29 16:30:00,Germany Supports Rescue Loan For Italy Through Euro Area Bailout Fund  https://t.co/Vigr6cgofO,germany supports rescue loan for italy through euro area bailout fund  https://t.co/vigr6cgofo,-0.027598736085874043,0.14683931944987583,UP
AAPL,2024-04-26 09:00:00,2024-04-25 16:30:00,Ress Life Investments A/S: Ress Life Investments A/S publishes performance and portfolio data for 2019 #Stock... https://t.co/xBufthvnya,ress life investments a/s: ress life investments a/s publishes performance and portfolio data for 2019 #stock... https://t.co/xbufthvnya,0.026060624556107914,-0.11313473752084224,UP
AAPL,2024-10-04 09:00:00,2024-10-03 16:30:00,Scottish Nationalist Victory Sets Up Standoff Over Independence,scottish nationalist victory sets up standoff over independence,-0.0043460655145260985,0.09402188919111043,DOWN
AAPL,2023-11-24 09:00:00,2023-11-23 16:30:00,The second mouse gets the cheese @JeffCooperLive https://t.co/kRVjlFDpgq,the second mouse gets the cheese @jeffcooperlive https://t.co/krvjlfdpgq,0.0013704838840056244,-0.39299101159330296,HOLD
AAPL,2024-03-19 09:00:00,2024-03-18 16:30:00,Commodities including crude oil and copper fell on concerns that the coronavirus would pare Chinese demand for raw… https://t.co/YiE5FCEdPo,commodities including crude oil and copper fell on concerns that the coronavirus would pare chinese demand for raw… https://t.co/yie5fcedpo,0.016452151323713027,-0.26968078492993774,UP
AAPL,2023-03-31 09:00:00,2023-03-30 16:30:00,This Japanese hotel will give you a room for less than $1 per night if you agree to livestream your stay https://t.co/31fS0dYd2F,this japanese hotel will give you a room for less than $1 per night if you agree to livestream your stay https://t.co/31fs0dyd2f,0.029017122598966383,0.38883715104733785,UP
AAPL,2023-04-04 09:00:00,2023-04-03 16:30:00,What Matters For 'Newly Christened Macro Bulls'. Follow this and any other stock on Seeking Alpha!… https://t.co/kzzahcB8Ue,what matters for 'newly christened macro bulls'. follow this and any other stock on seeking alpha!… https://t.co/kzzahcb8ue,0.05061853025866858,-0.18776085453224334,DOWN
AAPL,2024-02-01 09:00:00,2024-01-31 16:30:00,"$PHUN Mobile advertising company Phunware(PHUN) has landed President Trump's re-election campaign as a client, the… https://t.co/6JgNZIRAoe","$phun mobile advertising company phunware(phun) has landed president trump's re-election campaign as a client, the… https://t.co/6jgnziraoe",-0.03764741014331885,0.16978499237395384,DOWN
AAPL,2024-10-28 09:00:00,2024-10-27 16:30:00,UPDATE 1-Emirates wants new Boeing jet put through 'hell on Earth' in testing,update 1-emirates wants new boeing jet put through 'hell on earth' in testing,-0.01302436521778072,-0.0699752334268845,HOLD
AAPL,2023-10-17 09:00:00,2023-10-16 16:30:00,Sonova Holding AG reports 1H results,sonova holding ag reports 1h results,-0.00695109309606301,0.0958242093036541,DOWN
AAPL,2023-06-08 09:00:00,2023-06-07 16:30:00,Federal Reserve Bank of St. Louis President James Bullard said that the U.S. should declare a three-month break for… https://t.co/cAhdYJWnk9,federal reserve bank of st. louis president james bullard said that the u.s. should declare a three-month break for… https://t.co/cahdyjwnk9,0.0026653950585211472,-0.1893579101326024,HOLD
AAPL,2024-03-21 09:00:00,2024-03-20 16:30:00,LTRPB,ltrpb,-0.009421993542268803,0.9875540730507963,UP
AAPL,2024-07-01 09:00:00,2024-06-30 16:30:00,Cedar Realty Trust Inc (CDR) Q4 2019 Earnings Call Transcript,cedar realty trust inc (cdr) q4 2019 earnings call transcript,0.041366391061783414,-0.2682223867162087,UP
AAPL,2024-01-18 09:00:00,2024-01-17 16:30:00,L Brands Is Looking to Sell Victoria's Secret,l brands is looking to sell victoria's secret,0.013104905791996524,0.6485647985730407,UP
AAPL,2023-10-05 09:00:00,2023-10-04 16:30:00,$PSTV could squeeze over 2.25 https://t.co/zoCKVAuApH,$pstv could squeeze over 2.25 https://t.co/zockvauaph,0.024723189175369198,-0.0847298110346415,UP
AAPL,2023-12-14 09:00:00,2023-12-13 16:30:00,$NVTA - Invitae launches enhanced telemedicine; shares up 6% premarket https://t.co/MZ5cxd40rH,$nvta - invitae launches enhanced telemedicine; shares up 6% premarket https://t.co/mz5cxd40rh,0.01976628534225533,-0.05074413174214043,HOLD
AAPL,2023-06-13 09:00:00,2023-06-12 16:30:00,Molson Coors takes stake in beverage incubator,molson coors takes stake in beverage incubator,0.02287813565719432,0.012053453806455616,HOLD
AAPL,2024-08-14 09:00:00,2024-08-13 16:30:00,$M - Macy's to test new concept https://t.co/GDPbKYfu65,$m - macy's to test new concept https://t.co/gdpbkyfu65,0.05671524869454525,-0.04970411253009266,UP
AAPL,2024-12-19 09:00:00,2024-12-18 16:30:00,Why Credit Suisse Sees the S&P 500 Gaining 10% in 2020,why credit suisse sees the s&p 500 gaining 10% in 2020,0.00738016826389809,0.07236046013939457,UP
AAPL,2024-03-13 09:00:00,2024-03-12 16:30:00,Would you like your index fund to pay you a regular rate of return? Try one of these.  https://t.co/zhzUzlqU4S,would you like your index fund to pay you a regular rate of return? try one of these.  https://t.co/zhzuzlqu4s,0.011885110120966047,-0.12263520177048548,UP
AAPL,2024-04-15 09:00:00,2024-04-14 16:30:00,Exploration deepens into central bank digital currencies,exploration deepens into central bank digital currencies,0.02517070685650924,-0.2767665084109613,DOWN
AAPL,2023-09-27 09:00:00,2023-09-26 16:30:00,"Upland Software Acquires Localytics, Raises Guidance","upland software acquires localytics, raises guidance",-0.02883362390446742,0.03611920933782731,HOLD
AAPL,2023-02-03 09:00:00,2023-02-02 16:30:00,Chemtrade Logistics Income Fund declares CAD 0.10 dividend,chemtrade logistics income fund declares cad 0.10 dividend,0.058726839953038956,0.3043654247543075,DOWN
AAPL,2023-05-17 09:00:00,2023-05-16 16:30:00,$CE - Celanese Q4 profits almost halved https://t.co/YtgFEn6qWT,$ce - celanese q4 profits almost halved https://t.co/ytgfen6qwt,-0.005012647668964143,0.3761858737648509,UP
AAPL,2024-09-24 09:00:00,2024-09-23 16:30:00,"$BLKB - Blackbaud EPS beats by $0.01, beats on revenue https://t.co/E01iD1EOTN","$blkb - blackbaud eps beats by $0.01, beats on revenue https://t.co/e01id1eotn",0.048802999025377325,-0.1955804676245706,HOLD
AAPL,2023-11-02 09:00:00,2023-11-01 16:30:00,Is Fortune Minerals (TSE:FT) A Risky Investment?,is fortune minerals (tse:ft) a risky investment?,0.06399429548582503,0.3583022012860302,DOWN
AAPL,2023-02-17 09:00:00,2023-02-16 16:30:00,"Industrial goods, oil, gas get slammed as China coronavirus slashes demand","industrial goods, oil, gas get slammed as china coronavirus slashes demand",0.01019805708854693,-0.1323760890389758,DOWN
AAPL,2023-10-13 09:00:00,2023-10-12 16:30:00,"$STNE gaps up 20.49% on almost 6x average volume, breaking above 39.45/38.37 handle pivots and through 40.50 second… https://t.co/XRSAgGVE7y","$stne gaps up 20.49% on almost 6x average volume, breaking above 39.45/38.37 handle pivots and through 40.50 second… https://t.co/xrsaggve7y",0.007662406717340087,-0.09368539963449296,HOLD
AAPL,2024-01-26 09:00:00,2024-01-25 16:30:00,The Medicines Company's inclisiran shows positive effect in HeFH study,the medicines company's inclisiran shows positive effect in hefh study,0.004489458244477662,-0.18656892019824123,HOLD
AAPL,2024-04-19 09:00:00,2024-04-18 16:30:00,Income Tax Department Launches E-Calculator To Compare New And Old Regime,income tax department launches e-calculator to compare new and old regime,-0.06542057690235092,0.5803528983440354,UP
AAPL,2023-09-06 09:00:00,2023-09-05 16:30:00,"Roger Federer has worked with several brands over the years including Nike, Rolex and Moet — now he’s teaming up wi… https://t.co/bLBe916xtJ","roger federer has worked with several brands over the years including nike, rolex and moet — now he’s teaming up wi… https://t.co/blbe916xtj",-0.0065717547641036544,0.8055609540636042,DOWN
AAPL,2024-02-12 09:00:00,2024-02-11 16:30:00,The Growth of Private Debt markets,the growth of private debt markets,-0.00282394927525631,-0.07470457444546807,DOWN
AAPL,2024-05-28 09:00:00,2024-05-27 16:30:00,Is Lexington Realty Trust (NYSE:LXP) A Good Stock To Buy?,is lexington realty trust (nyse:lxp) a good stock to buy?,-0.005496167451158329,0.4391526963415642,HOLD
AAPL,2023-06-30 09:00:00,2023-06-29 16:30:00,New Frontier Corp (NFC): Hedge Funds Are Nibbling,new frontier corp (nfc): hedge funds are nibbling,0.039050829392214936,0.838579593633286,DOWN
AAPL,2023-03-02 09:00:00,2023-03-01 16:30:00,Is Spirit MTA REIT (SMTA) A Good Stock To Buy?,is spirit mta reit (smta) a good stock to buy?,-0.023360042683757576,-0.05841669821013351,UP
AAPL,2023-10-12 09:00:00,2023-10-11 16:30:00,Michael Bloomberg has officially entered the Democratic race for president. https://t.co/L2azcIm5tl,michael bloomberg has officially entered the democratic race for president. https://t.co/l2azcim5tl,0.03315992756459063,0.19330783094397397,DOWN
AAPL,2024-12-17 09:00:00,2024-12-16 16:30:00,$VIVE someone is using the low volume and the bad market to put fake sell orders and force the SL to be executed.,$vive someone is using the low volume and the bad market to put fake sell orders and force the sl to be executed.,0.02304553156805511,-0.006546112955268191,DOWN
AAPL,2024-03-06 09:00:00,2024-03-05 16:30:00,Cya Jason Garrett,cya jason garrett,-0.0677984961740743,-0.2790290164024034,HOLD
AAPL,2023-08-14 09:00:00,2023-08-13 16:30:00,"NASDAQ : Quarterly Statistical Bulletin Vol 8, No 2, June 2019 - Contents and Narratives #NASDAQ #Stock… https://t.co/g9bUP5eu2R","nasdaq : quarterly statistical bulletin vol 8, no 2, june 2019 - contents and narratives #nasdaq #stock… https://t.co/g9bup5eu2r",0.0034106826364797005,-0.16067698374416517,DOWN
AAPL,2024-04-09 09:00:00,2024-04-08 16:30:00,OPEC+ will adjust its output target and redistribute production cuts between its members under pressure from Saudi… https://t.co/iUHhLCivja,opec+ will adjust its output target and redistribute production cuts between its members under pressure from saudi… https://t.co/iuhhlcivja,0.004915907658477048,0.13221733844571215,DOWN
AAPL,2024-02-21 09:00:00,2024-02-20 16:30:00,$CODX - Co-Diagnostics up 36% on coronavirus test sales https://t.co/9n04iW4k0X,$codx - co-diagnostics up 36% on coronavirus test sales https://t.co/9n04iw4k0x,-0.014699449095353478,-0.22908902537193288,UP
AAPL,2023-11-14 09:00:00,2023-11-13 16:30:00,"$CDLX - Cardlytics: Share Price Justified, Profitability Possible In 2020. Get more updates here:… https://t.co/hkvs0ChKGo","$cdlx - cardlytics: share price justified, profitability possible in 2020. get more updates here:… https://t.co/hkvs0chkgo",0.03090966280276297,0.37776402498424155,HOLD
AAPL,2024-03-11 09:00:00,2024-03-10 16:30:00,LATEST: Top economic adviser Larry Kudlow says the Trump administration hasn’t made a decision about re-imposing st… https://t.co/1Jw5xdWQXg,latest: top economic adviser larry kudlow says the trump administration hasn’t made a decision about re-imposing st… https://t.co/1jw5xdwqxg,-0.013420936731014965,-0.21146105130659398,HOLD
AAPL,2024-05-08 09:00:00,2024-05-07 16:30:00,"TSB to close 82 branches, slash costs in strategy overhaul https://t.co/RWpUxn2xTH https://t.co/TUTUh0Au4G","tsb to close 82 branches, slash costs in strategy overhaul https://t.co/rwpuxn2xth https://t.co/tutuh0au4g",0.07938571883721357,-0.417157574205299,UP
AAPL,2024-03-22 09:00:00,2024-03-21 16:30:00,Hedge Funds Are Dumping Altair Engineering Inc. (ALTR),hedge funds are dumping altair engineering inc. (altr),-0.001969623146263033,-0.32982455479448824,DOWN
AAPL,2023-03-22 09:00:00,2023-03-21 16:30:00,"Nasdaq-100 futures gain 28 points, or 0.3%","nasdaq-100 futures gain 28 points, or 0.3%",0.03163602957127076,0.02385096763111938,UP
AAPL,2024-06-28 09:00:00,2024-06-27 16:30:00,Gulf Arabs Take Fitful Steps to End Qatar Rift as Iran Looms,gulf arabs take fitful steps to end qatar rift as iran looms,0.015085013933967772,0.6583930548272448,UP
AAPL,2023-10-24 09:00:00,2023-10-23 16:30:00,"Toyota keeps China plant output stopped through February 16 as virus hits supply, logistics","toyota keeps china plant output stopped through february 16 as virus hits supply, logistics",-0.020942656409268734,-0.21728257005614493,DOWN
AAPL,2023-10-26 09:00:00,2023-10-25 16:30:00,"Apple is worth more than the entire S&P 500 Energy index combined, including industry titans like Exxon and Chevron https://t.co/cyNKFPF2A4","apple is worth more than the entire s&p 500 energy index combined, including industry titans like exxon and chevron https://t.co/cynkfpf2a4",-0.04884308102298407,0.23563692985985973,UP
AAPL,2024-07-08 09:00:00,2024-07-07 16:30:00,$MLNX - Mellanox: Cash In On A 6% Spread. https://t.co/dXF5LjYrha #economy #trading #stocks,$mlnx - mellanox: cash in on a 6% spread. https://t.co/dxf5ljyrha #economy #trading #stocks,0.08166371952226692,-0.02195741271659457,HOLD
AAPL,2024-05-23 09:00:00,2024-05-22 16:30:00,Edited Transcript of MAC earnings conference call or presentation 6-Feb-20 6:00pm GMT,edited transcript of mac earnings conference call or presentation 6-feb-20 6:00pm gmt,-0.015592032828581237,0.4720954731085041,UP
TSLA,2024-02-07 09:00:00,2024-02-06 16:30:00,Jefferies analysts lifted Tesla $TSLA shares to buy while paring the price target 19%. https://t.co/BJhXfQuRTd,jefferies analysts lifted tesla $tsla shares to buy while paring the price target 19%. https://t.co/bjhxfqurtd,0.0015484465551707238,-0.09081482930646578,UP
TSLA,2023-01-17 09:00:00,2023-01-16 16:30:00,"Coin Toss: Morgan Stanley Raises Tesla Bull Case To $500, Keeps Bear Case At $10 https://t.co/hjXizuPs7Z","coin toss: morgan stanley raises tesla bull case to $500, keeps bear case at $10 https://t.co/hjxizups7z",0.09785429722458083,0.031889597989310126,DOWN
TSLA,2024-11-05 09:00:00,2024-11-04 16:30:00,"""That's Not Safe! Somebody's Going To Die!"": Senator Markey Slams Tesla Autopilot At Commerce Committee Hearing https://t.co/PHvFLxKnQu","""that's not safe! somebody's going to die!"": senator markey slams tesla autopilot at commerce committee hearing https://t.co/phvflxknqu",-0.03113435155023825,0.0069779542574095466,UP
TSLA,2023-02-13 09:00:00,2023-02-12 16:30:00,Tesla Cybertruck debut drew ridicule online after the newly-unveiled model’s armored glass windows cracked like spi… https://t.co/3h9ch5lK1r,tesla cybertruck debut drew ridicule online after the newly-unveiled model’s armored glass windows cracked like spi… https://t.co/3h9ch5lk1r,-0.0006161178916200827,-0.1576456832854629,UP
TSLA,2024-04-11 09:00:00,2024-04-10 16:30:00,Tesla Zealotry on Street Fades as Focus Shifts to Fundamentals,tesla zealotry on street fades as focus shifts to fundamentals,0.020396268369558657,0.11810382764478478,DOWN
TSLA,2023-11-28 09:00:00,2023-11-27 16:30:00,Tesla's Return to Profitability Is Not Sustainable,tesla's return to profitability is not sustainable,0.047198619817954146,0.32596191438502276,DOWN
TSLA,2024-03-08 09:00:00,2024-03-07 16:30:00,"The reveal of the Tesla $TSLA #Cybertruck didn't go quite as expected... but moving on, there's a few specs you sho… https://t.co/wYnwjcjnEF","the reveal of the tesla $tsla #cybertruck didn't go quite as expected... but moving on, there's a few specs you sho… https://t.co/wynwjcjnef",-0.13472168937023987,-0.16238678534010909,UP
TSLA,2023-01-11 09:00:00,2023-01-10 16:30:00,What went wrong at Tesla's Cybertruck launch? Hear from Bloomberg's Ed Ludlow @EdLudlow who was there https://t.co/chEHrylNx7,what went wrong at tesla's cybertruck launch? hear from bloomberg's ed ludlow @edludlow who was there https://t.co/chehrylnx7,0.08430131892386594,0.0964451138583593,HOLD
TSLA,2024-08-15 09:00:00,2024-08-14 16:30:00,"Elon Musk says Tesla has 187,000 orders for its Cybertruck, less than 48 hours after the broken-glass reveal https://t.co/AtBQDgnjUP","elon musk says tesla has 187,000 orders for its cybertruck, less than 48 hours after the broken-glass reveal https://t.co/atbqdgnjup",0.07694630523809898,0.27898220640569393,UP
TSLA,2024-11-12 09:00:00,2024-11-11 16:30:00,"Elon Musk says Tesla has amassed more than 200,000 orders for its Cybertruck, even after two windows unexpectedly s… https://t.co/KL1H0oIjfL","elon musk says tesla has amassed more than 200,000 orders for its cybertruck, even after two windows unexpectedly s… https://t.co/kl1h0oijfl",0.30643488325181645,-0.2602849303824406,UP
TSLA,2023-11-15 09:00:00,2023-11-14 16:30:00,"Musk suggests Tesla has 187,000 orders for Cybertruck - tweet #ElonMusk #baron #MarketScreener… https://t.co/cFon5dnm1m","musk suggests tesla has 187,000 orders for cybertruck - tweet #elonmusk #baron #marketscreener… https://t.co/cfon5dnm1m",0.09333211323476509,0.0038885876895218274,DOWN
TSLA,2024-01-18 09:00:00,2024-01-17 16:30:00,"Tesla Cybertruck Hits 200,000 Orders Just Days After Botched Launch","tesla cybertruck hits 200,000 orders just days after botched launch",-0.09429767174649406,0.05264412917634376,HOLD
TSLA,2024-12-11 09:00:00,2024-12-10 16:30:00,"Tesla’s Cybertruck doesn’t look street legal, but pre-orders are pouring in https://t.co/pOSWuIscRN","tesla’s cybertruck doesn’t look street legal, but pre-orders are pouring in https://t.co/poswuiscrn",0.18674041769513106,0.06891914607497052,DOWN
TSLA,2023-11-27 09:00:00,2023-11-26 16:30:00,“Oh my f---ing god:” Elon Musk is stunned as Tesla truck's shatterproof windows break https://t.co/ErdHvY9jh5 via @luxury,“oh my f---ing god:” elon musk is stunned as tesla truck's shatterproof windows break https://t.co/erdhvy9jh5 via @luxury,0.007597092428990093,0.7202526825253512,UP
TSLA,2024-04-18 09:00:00,2024-04-17 16:30:00,"Elon Musk says Tesla has 146,000 orders for its Cybertruck, less than 48 hours after the broken-glass reveal https://t.co/yzgK4mbBTB","elon musk says tesla has 146,000 orders for its cybertruck, less than 48 hours after the broken-glass reveal https://t.co/yzgk4mbbtb",-0.14129445913712158,0.16568594985183105,DOWN
TSLA,2023-09-19 09:00:00,2023-09-18 16:30:00,Europe Pushes on With Gigafactory Plan to Rival Tesla,europe pushes on with gigafactory plan to rival tesla,-0.003663866255703918,0.02127860725424524,DOWN
TSLA,2023-10-27 09:00:00,2023-10-26 16:30:00,Europe Pushes on With Gigafactory Plan to Rival Tesla and China,europe pushes on with gigafactory plan to rival tesla and china,-0.02212369602281783,-0.17575313215060728,DOWN
TSLA,2023-05-11 09:00:00,2023-05-10 16:30:00,Here's what @ElonMusk's '200K' tweet is likely hinting at when it comes to the Tesla $TSLA Cybertruck https://t.co/6Me6AP1CCJ,here's what @elonmusk's '200k' tweet is likely hinting at when it comes to the tesla $tsla cybertruck https://t.co/6me6ap1ccj,0.06749382809421411,-0.13310002361468187,DOWN
TSLA,2024-09-09 09:00:00,2024-09-08 16:30:00,"ICYMI: Actually, Teslas are among the *least* stolen vehicles. https://t.co/xm4JaVF88s","icymi: actually, teslas are among the *least* stolen vehicles. https://t.co/xm4javf88s",0.010088289458465072,-0.3987760414345186,UP
TSLA,2024-12-16 09:00:00,2024-12-15 16:30:00,"Made in the new Shanghai Gigafactory, these Teslas have a starting price of 355,800 yuan ($50,623), making them abo… https://t.co/P9PkKIpvwA","made in the new shanghai gigafactory, these teslas have a starting price of 355,800 yuan ($50,623), making them abo… https://t.co/p9pkkipvwa",0.1878703375238273,0.28183756890433953,UP
TSLA,2023-08-02 09:00:00,2023-08-01 16:30:00,Read the police report from the incident in which a Tesla Supercharger caught fire at a Wawa store in New Jersey ea… https://t.co/MK9NpSHC79,read the police report from the incident in which a tesla supercharger caught fire at a wawa store in new jersey ea… https://t.co/mk9npshc79,-0.03873654343383759,0.22349157107471807,UP
TSLA,2024-01-31 09:00:00,2024-01-30 16:30:00,Spoiling Tesla’s Rally Could Come Down to Upcoming Catalysts,spoiling tesla’s rally could come down to upcoming catalysts,-0.0988308153969939,-0.061472618775930354,UP
TSLA,2024-03-19 09:00:00,2024-03-18 16:30:00,"Tesla Chief Executive Elon Musk unveils the company’s electric Cybertruck, venturing into the pickup truck market,… https://t.co/ZmEo7wtHTQ","tesla chief executive elon musk unveils the company’s electric cybertruck, venturing into the pickup truck market,… https://t.co/zmeo7wthtq",-0.03503428070930248,-0.2859416122068782,UP
TSLA,2023-09-21 09:00:00,2023-09-20 16:30:00,Tesla Cybertruck: 5 important questions about the polarizing EV https://t.co/71KKuvkr2q,tesla cybertruck: 5 important questions about the polarizing ev https://t.co/71kkuvkr2q,-0.07368501292221064,-0.020920771891676626,DOWN
TSLA,2023-02-27 09:00:00,2023-02-26 16:30:00,Tesla just unveiled its first electric pickup: The Cybertruck. The truck boasts 300 miles of range and will come wi… https://t.co/uuFv0hiumU,tesla just unveiled its first electric pickup: the cybertruck. the truck boasts 300 miles of range and will come wi… https://t.co/uufv0hiumu,-0.003264330487018463,0.13218344335612997,DOWN
TSLA,2024-09-30 09:00:00,2024-09-29 16:30:00,Tesla Remotely Removed Autopilot From A User's Car Without Telling Them: Report,tesla remotely removed autopilot from a user's car without telling them: report,0.04652001953125007,0.13689054926107325,DOWN
TSLA,2023-07-25 09:00:00,2023-07-24 16:30:00,Tesla Set to Bulk Up the World’s Largest Lithium-Ion Battery,tesla set to bulk up the world’s largest lithium-ion battery,-0.0956569097596639,-0.17399063062007125,HOLD
TSLA,2024-06-03 09:00:00,2024-06-02 16:30:00,Tesla unveiled a new electric pickup truck called Cybertruck yesterday. But the truck’s futuristic design polarized… https://t.co/e70Lm0m1dy,tesla unveiled a new electric pickup truck called cybertruck yesterday. but the truck’s futuristic design polarized… https://t.co/e70lm0m1dy,-0.016458447425922174,0.01863340196628971,DOWN
TSLA,2024-04-10 09:00:00,2024-04-09 16:30:00,Tesla: How Much Is Hype and How Much Is Real?,tesla: how much is hype and how much is real?,0.02007358074597887,-0.17891205293356016,UP
TSLA,2024-10-22 09:00:00,2024-10-21 16:30:00,Tesla's Autopilot could save millions of lives — but it will also kill some people first. More @BW… https://t.co/UuIyidmZ5O,tesla's autopilot could save millions of lives — but it will also kill some people first. more @bw… https://t.co/uuiyidmz5o,-0.007286997541303686,-0.08578883982336416,DOWN
TSLA,2023-11-13 09:00:00,2023-11-12 16:30:00,Tesla's Cybertruck has arrived and it looks nothing like any pickup truck you've ever seen. But a demonstration of… https://t.co/QeXN1M7oSE,tesla's cybertruck has arrived and it looks nothing like any pickup truck you've ever seen. but a demonstration of… https://t.co/qexn1m7ose,0.020249018811935526,0.07216819090950732,UP
TSLA,2023-08-11 09:00:00,2023-08-10 16:30:00,"Tesla's demo of its first electric pickup didn't go quite according to plan. The ""Tesla armor glass"" windows shatte… https://t.co/8Ysj4aMSfa","tesla's demo of its first electric pickup didn't go quite according to plan. the ""tesla armor glass"" windows shatte… https://t.co/8ysj4amsfa",-0.04415822377261147,-0.09552633549652689,DOWN
TSLA,2023-06-05 09:00:00,2023-06-04 16:30:00,"Tesla's made-in-China cars will qualify for subsidies there, a potential boon for the company https://t.co/7jDzEbGCsP","tesla's made-in-china cars will qualify for subsidies there, a potential boon for the company https://t.co/7jdzebgcsp",0.1265206951031348,-0.08062913021051299,UP
TSLA,2023-12-21 09:00:00,2023-12-20 16:30:00,"Watch the Tesla Cybertruck's supposedly unbreakable ""armor glass"" windows break after a metal ball was thrown at th… https://t.co/C21zXUJb7I","watch the tesla cybertruck's supposedly unbreakable ""armor glass"" windows break after a metal ball was thrown at th… https://t.co/c21zxujb7i",0.013742270090834952,-0.12392623324300345,DOWN
TSLA,2024-10-17 09:00:00,2024-10-16 16:30:00,What Tesla taught Ford https://t.co/gYHzvB9QRc by @rickjnewman https://t.co/arQvfOYe2K,what tesla taught ford https://t.co/gyhzvb9qrc by @rickjnewman https://t.co/arqvfoye2k,-0.07488379847918247,0.023351493367289367,HOLD
TSLA,2024-12-18 09:00:00,2024-12-17 16:30:00,What To Expect From Tesla's 'Cybertruck' Event,what to expect from tesla's 'cybertruck' event,0.03616078411002399,0.13806878367359388,DOWN
TSLA,2023-02-06 09:00:00,2023-02-05 16:30:00,"Highlight: “We’ve see again and again that Tesla can’t live up to Elon Musk’s promises,"" @NewConstructs Investment… https://t.co/9BX4enQaL2","highlight: “we’ve see again and again that tesla can’t live up to elon musk’s promises,"" @newconstructs investment… https://t.co/9bx4enqal2",0.16860668563104797,-0.19974856229208038,UP
TSLA,2024-04-08 09:00:00,2024-04-07 16:30:00,"Just when it seemed like things couldn't get worse for Tesla after the botched unveiling of its Cybertruck, the int… https://t.co/VwpJZ2lDpg","just when it seemed like things couldn't get worse for tesla after the botched unveiling of its cybertruck, the int… https://t.co/vwpjz2ldpg",-0.012783960036289455,-0.27057103499918966,UP
TSLA,2024-11-06 09:00:00,2024-11-05 16:30:00,Best feeling ever is helping others reach their goals. #stocks #options $ADXS $SPY $SHOP $ULTA $GS $BIG $TSLA https://t.co/bn3mQh3tcE,best feeling ever is helping others reach their goals. #stocks #options $adxs $spy $shop $ulta $gs $big $tsla https://t.co/bn3mqh3tce,0.12028737120823063,1.3848547613033593,UP
TSLA,2023-08-07 09:00:00,2023-08-06 16:30:00,Country music legends weigh in on Tesla’s Cybertruck — ‘pretty doggone cool’ https://t.co/Z1iuLa4MQk,country music legends weigh in on tesla’s cybertruck — ‘pretty doggone cool’ https://t.co/z1iula4mqk,-0.059753939966308955,0.11611424162571993,DOWN
TSLA,2023-03-14 09:00:00,2023-03-13 16:30:00,"Highlight: “It’s very unclear as to who the target demographic is going to be,” @Melodyhahm says about the Tesla cy… https://t.co/oyerFjqoQ3","highlight: “it’s very unclear as to who the target demographic is going to be,” @melodyhahm says about the tesla cy… https://t.co/oyerfjqoq3",-0.023706845921190323,-0.14346717301298106,DOWN
TSLA,2024-02-02 09:00:00,2024-02-01 16:30:00,"Highlight: The Call of the Day is Morgan Stanley on Tesla. ""When we get closer to 2024, we can start talking about… https://t.co/imhS3mAcP5","highlight: the call of the day is morgan stanley on tesla. ""when we get closer to 2024, we can start talking about… https://t.co/imhs3macp5",0.025429760775494525,0.20436330140576398,DOWN
TSLA,2024-01-09 09:00:00,2024-01-08 16:30:00,How did investors react to Tesla's Cybertruck announcement? They bought GM and Ford shares: https://t.co/LTq5CnNU4K,how did investors react to tesla's cybertruck announcement? they bought gm and ford shares: https://t.co/ltq5cnnu4k,-0.054182398978701585,0.13548856006932297,HOLD
TSLA,2023-02-24 09:00:00,2023-02-23 16:30:00,"Not a whisper, but a smash? Here's what the road to $500 a share looks for @ElonMusk's @Tesla $TSLA  https://t.co/6a249FS9S4","not a whisper, but a smash? here's what the road to $500 a share looks for @elonmusk's @tesla $tsla  https://t.co/6a249fs9s4",-0.02553944058002733,-0.028231074063951866,UP
TSLA,2024-07-09 09:00:00,2024-07-08 16:30:00,Remember... $DIS $AMZN $TSLA 20k by end of week and 25k by end of month. FREE TRIAL OPEN TODAY AND TOMORROW HIT LIN… https://t.co/VCNjBJ6Xm9,remember... $dis $amzn $tsla 20k by end of week and 25k by end of month. free trial open today and tomorrow hit lin… https://t.co/vcnjbj6xm9,0.2500237577876283,0.01902625372409039,HOLD
TSLA,2023-08-28 09:00:00,2023-08-27 16:30:00,Short seller David Einhorn continued his spat with Elon Musk’s Tesla saying he was “beginning to wonder whether you… https://t.co/qRMNMbPHz8,short seller david einhorn continued his spat with elon musk’s tesla saying he was “beginning to wonder whether you… https://t.co/qrmnmbphz8,0.03260121318193643,0.00995664661267659,UP
TSLA,2023-11-14 09:00:00,2023-11-13 16:30:00,The moment the windows get smashed on Tesla's new cybertruck https://t.co/5kQPPbnE80 https://t.co/KwO0J3m29O,the moment the windows get smashed on tesla's new cybertruck https://t.co/5kqppbne80 https://t.co/kwo0j3m29o,0.06854807583215972,0.06638774888285748,UP
TSLA,2024-09-10 09:00:00,2024-09-09 16:30:00,"Tonight's business headlines: ▪ US markets close higher, but post weekly losses ▪ Tesla shares down after unveilin… https://t.co/xdMDJAj4XI","tonight's business headlines: ▪ us markets close higher, but post weekly losses ▪ tesla shares down after unveilin… https://t.co/xdmdjaj4xi",0.07393158411294931,0.16973614951774452,UP
TSLA,2024-08-14 09:00:00,2024-08-13 16:30:00,6 Potential M&A Targets For Tesla,6 potential m&a targets for tesla,0.050166930807007404,-0.07865710830795547,UP
TSLA,2023-03-20 09:00:00,2023-03-19 16:30:00,"India is planning to offer incentives to 324 companies, including Tesla, to set up factories there https://t.co/1alTtQsUOc","india is planning to offer incentives to 324 companies, including tesla, to set up factories there https://t.co/1alttqsuoc",0.05026366624948708,-0.026372195791049546,UP
TSLA,2023-07-28 09:00:00,2023-07-27 16:30:00,"Stock market live Wednesday: S&P 500 erases coronavirus sell-off, Tesla's 2nd worst drop ever - CNBC","stock market live wednesday: s&p 500 erases coronavirus sell-off, tesla's 2nd worst drop ever - cnbc",0.024690461114498463,0.07472422136352641,HOLD
TSLA,2023-07-13 09:00:00,2023-07-12 16:30:00,"Congress Mulls Reviving Tax Breaks Prized by ADM, Tesla, GM","congress mulls reviving tax breaks prized by adm, tesla, gm",0.004917861103419963,0.17778850887562836,UP
TSLA,2024-03-11 09:00:00,2024-03-10 16:30:00,$TSLA - Tesla: The Top Is Here. https://t.co/qg2xI2oPXT #stockmarket #finance #economy,$tsla - tesla: the top is here. https://t.co/qg2xi2opxt #stockmarket #finance #economy,-0.05511850298091403,-0.0017897096952934621,HOLD
TSLA,2024-10-16 09:00:00,2024-10-15 16:30:00,"$TSLA - Tesla's New Pickup Is Ugly, Sell; Also Week-End Rally Pattern Holding But Weakly. Get more updates here:… https://t.co/5w5TEy85xb","$tsla - tesla's new pickup is ugly, sell; also week-end rally pattern holding but weakly. get more updates here:… https://t.co/5w5tey85xb",-0.08180875739905669,-0.21203769559032715,HOLD
TSLA,2023-02-17 09:00:00,2023-02-16 16:30:00,$TSLA - Why Tesla Remains A Strong Buy. https://t.co/LyHcrFPlEH #markets #stocks #business,$tsla - why tesla remains a strong buy. https://t.co/lyhcrfpleh #markets #stocks #business,0.058001920891598724,-0.06902844897239169,DOWN
TSLA,2023-03-28 09:00:00,2023-03-27 16:30:00,"Here's how Tesla stock swings 18% higher, trader says $TSLA (via @TradingNation) https://t.co/yqzfmfwbGP","here's how tesla stock swings 18% higher, trader says $tsla (via @tradingnation) https://t.co/yqzfmfwbgp",-0.042463808644067624,-0.18367154427413457,UP
TSLA,2023-09-27 09:00:00,2023-09-26 16:30:00,"Highlight: @ArgusResearch Senior Analyst Bill Selesky on $TSLA: ""I really have no idea what's causing it to pop tod… https://t.co/hAeaerqHYB","highlight: @argusresearch senior analyst bill selesky on $tsla: ""i really have no idea what's causing it to pop tod… https://t.co/haeaerqhyb",-0.08412352582337557,0.33927226806387845,UP
TSLA,2023-12-26 09:00:00,2023-12-25 16:30:00,"Money manager says she has 'very high' confidence Tesla shares reach $7,000 in next 5 years","money manager says she has 'very high' confidence tesla shares reach $7,000 in next 5 years",0.01797042005554972,-0.06937659914683614,UP
TSLA,2023-11-20 09:00:00,2023-11-19 16:30:00,"Tesla stock is wrapping up its best month since 2013, adding $40 billion in value in January.... https://t.co/Hmt4v3b2oN","tesla stock is wrapping up its best month since 2013, adding $40 billion in value in january.... https://t.co/hmt4v3b2on",0.05314916200801045,-0.1839064411840643,UP
TSLA,2024-10-18 09:00:00,2024-10-17 16:30:00,"TUNE IN: Tesla's bull run is just getting started, says Ark's Cathie Wood. Watch #WallStreetWeek live today at 6pm... https://t.co/DvWmT4j4f5","tune in: tesla's bull run is just getting started, says ark's cathie wood. watch #wallstreetweek live today at 6pm... https://t.co/dvwmt4j4f5",0.013314939650369118,-0.02323012769777799,DOWN
TSLA,2023-03-02 09:00:00,2023-03-01 16:30:00,$TSLA,$tsla,-0.05527793845136175,0.15714032519661747,UP
TSLA,2023-07-26 09:00:00,2023-07-25 16:30:00,$TSLA - Tesla sliced up three different ways https://t.co/j5HrezLcDP,$tsla - tesla sliced up three different ways https://t.co/j5hrezlcdp,-0.09239168701451217,-0.14988918677549035,DOWN
TSLA,2024-02-28 09:00:00,2024-02-27 16:30:00,"$WKHS Electric Trucks: What Tesla, Rivian, The Big 3 Are Bringing To Market https://t.co/AZGxC1e9bi via @YahooFinance","$wkhs electric trucks: what tesla, rivian, the big 3 are bringing to market https://t.co/azgxc1e9bi via @yahoofinance",0.03732601968577254,-0.08135825354778026,HOLD
TSLA,2024-03-20 09:00:00,2024-03-19 16:30:00,"Benzinga Pro's Top 6 Stocks To Watch For Mon., Nov. 25, 2019: TSLA, UBER, IBKR, XRX, DIS, EBAY","benzinga pro's top 6 stocks to watch for mon., nov. 25, 2019: tsla, uber, ibkr, xrx, dis, ebay",0.036464527321002915,0.08509357925442007,DOWN
TSLA,2023-08-17 09:00:00,2023-08-16 16:30:00,"Bulls And Bears Of The Week: Disney, Macy's, Netflix, Tesla And More","bulls and bears of the week: disney, macy's, netflix, tesla and more",-0.10646447993426289,0.07320030759793572,DOWN
TSLA,2023-08-18 09:00:00,2023-08-17 16:30:00,"I'm not an FA guy, but just heard a preview of Cathie Wood discussing $TSLA, which was interesting. 

Looking forwa... https://t.co/xxJOCGvt7y","i'm not an fa guy, but just heard a preview of cathie wood discussing $tsla, which was interesting. 

looking forwa... https://t.co/xxjocgvt7y",-0.1119307194992426,0.12888010444141074,UP
TSLA,2024-03-21 09:00:00,2024-03-20 16:30:00,"Just in: $TSLA lol 

https://t.co/yHyKcKaB9z","just in: $tsla lol 

https://t.co/yhykckab9z",0.06350773737980764,-0.12724054733221457,DOWN
TSLA,2023-12-12 09:00:00,2023-12-11 16:30:00,Should I Buy or Sell Tesla Stock Right Now?,should i buy or sell tesla stock right now?,-0.007163231841165407,-0.02640687379422124,UP
TSLA,2024-09-17 09:00:00,2024-09-16 16:30:00,"Stocks - Tiffany, Disney, Tesla Rise Premarket; Uber Falls","stocks - tiffany, disney, tesla rise premarket; uber falls",0.00751645647966237,0.22897483570494992,HOLD
TSLA,2024-11-14 09:00:00,2024-11-13 16:30:00,"Tesla's surge inspires fans to buy, skeptics to dig in, drives fear of missing out - Reuters","tesla's surge inspires fans to buy, skeptics to dig in, drives fear of missing out - reuters",0.04806166460430705,-0.03731492054581298,UP
TSLA,2023-05-24 09:00:00,2023-05-23 16:30:00,Tesla Inc. slumped in pre-market trading after the electric carmaker’s newly unveiled pickup truck elicited mixed r… https://t.co/KDcJiSWCOp,tesla inc. slumped in pre-market trading after the electric carmaker’s newly unveiled pickup truck elicited mixed r… https://t.co/kdcjiswcop,0.051995819937864285,-0.12326690754695224,UP
TSLA,2024-08-05 09:00:00,2024-08-04 16:30:00,Tesla shares dropped after a botched unveiling of its long-awaited Cybertruck. A demonstration of the truck's suppo… https://t.co/8fo3jp9Dam,tesla shares dropped after a botched unveiling of its long-awaited cybertruck. a demonstration of the truck's suppo… https://t.co/8fo3jp9dam,-0.14312796358086755,0.21028811499986122,UP
TSLA,2024-02-20 09:00:00,2024-02-19 16:30:00,Tesla shares plummet as it plans delay to Model 3 deliveries in China due to coronavirus. https://t.co/q6OYKcdQ5Z https://t.co/aij4iYf04h,tesla shares plummet as it plans delay to model 3 deliveries in china due to coronavirus. https://t.co/q6oykcdq5z https://t.co/aij4iyf04h,0.029926058990592086,-0.061078595054905094,UP
TSLA,2024-04-03 09:00:00,2024-04-02 16:30:00,Tesla’s stock-market skid continues with 4% decline at opening bell Thursday,tesla’s stock-market skid continues with 4% decline at opening bell thursday,-0.05228791231988994,-0.28890121439581107,UP
TSLA,2023-10-25 09:00:00,2023-10-24 16:30:00,"Tesla's stock fall premarket; RBC reiterates bearish view, but warns not to short","tesla's stock fall premarket; rbc reiterates bearish view, but warns not to short",-0.1246909321744668,-0.0944421560824521,DOWN
TSLA,2023-12-15 09:00:00,2023-12-14 16:30:00,"Tesla's stock falls 2.1% premarket, after tumbling 17.2% on Wednesday","tesla's stock falls 2.1% premarket, after tumbling 17.2% on wednesday",0.039616157345751635,-0.1548002477162107,DOWN
TSLA,2024-12-10 09:00:00,2024-12-09 16:30:00,"$BNGO $PLAG $PYX - TSLA, INO among premarket gainers https://t.co/0NTkekIKKF","$bngo $plag $pyx - tsla, ino among premarket gainers https://t.co/0ntkekikkf",0.14105621453695072,0.01249906599473638,UP
TSLA,2024-05-24 09:00:00,2024-05-23 16:30:00,$TSLA - Tesla jumps to four-week high https://t.co/6PgUT4oPO3,$tsla - tesla jumps to four-week high https://t.co/6pgut4opo3,0.01003042213430616,-0.08879410354912431,DOWN
TSLA,2024-07-24 09:00:00,2024-07-23 16:30:00,$TSLA $DIS $AMZN All gapping up nice for my calls.,$tsla $dis $amzn all gapping up nice for my calls.,-0.1308249275929012,0.5004520755269897,UP
TSLA,2023-12-07 09:00:00,2023-12-06 16:30:00,"$TSLA (+3.7% pre) Elon Musk Says Cybertruck Orders Have Climbed to 200,000 - BBG https://t.co/27E98n1toL","$tsla (+3.7% pre) elon musk says cybertruck orders have climbed to 200,000 - bbg https://t.co/27e98n1tol",0.010663102045439077,-0.15259791104129983,HOLD
TSLA,2023-08-04 09:00:00,2023-08-03 16:30:00,"$TSLA (+4.6% pre) Longer range China-made Model 3

https://t.co/QnWD8NMg95","$tsla (+4.6% pre) longer range china-made model 3

https://t.co/qnwd8nmg95",-0.0472151393025948,0.020199017926782137,DOWN
TSLA,2023-10-23 09:00:00,2023-10-22 16:30:00,Tesla Resumes Rally After Shanghai Factory Restarts Production,tesla resumes rally after shanghai factory restarts production,-0.16477629426435503,0.0918287864438907,UP
TSLA,2023-10-12 09:00:00,2023-10-11 16:30:00,Tesla shares are back on the rise after the electric-car maker resumed production at its China factory with the hel… https://t.co/Kjl7Nm0BQS,tesla shares are back on the rise after the electric-car maker resumed production at its china factory with the hel… https://t.co/kjl7nm0bqs,-0.00453756097354896,0.07522975942638,DOWN
TSLA,2024-12-27 09:00:00,2024-12-26 16:30:00,Tesla shares jump as Musk tweets about Cybertruck preorders,tesla shares jump as musk tweets about cybertruck preorders,-0.01034002711507409,0.08250225229944053,DOWN
TSLA,2023-12-04 09:00:00,2023-12-03 16:30:00,Tesla shares jump as Musk tweets about Cybertruck preorders https://t.co/nzZHL8rX2F,tesla shares jump as musk tweets about cybertruck preorders https://t.co/nzzhl8rx2f,-0.00211792611030992,-0.14202306569511514,UP
TSLA,2023-03-08 09:00:00,2023-03-07 16:30:00,"Tesla shares rise as Musk says Cybertruck orders hit 200,000","tesla shares rise as musk says cybertruck orders hit 200,000",-0.1024313450452583,0.025464841371320768,DOWN
TSLA,2023-10-20 09:00:00,2023-10-19 16:30:00,Tesla stock rises on Shanghai factory optimismÃ¢â‚¬â€what to watch now $TSLA (via @TradingNation) https://t.co/CENYtEsk81,tesla stock rises on shanghai factory optimismã¢â‚¬â€what to watch now $tsla (via @tradingnation) https://t.co/cenytesk81,-0.15582187951924364,-0.19184916558677123,HOLD
TSLA,2023-08-01 09:00:00,2023-07-31 16:30:00,Tesla's stock surges 8.8% to top the $800 level,tesla's stock surges 8.8% to top the $800 level,-0.015869991987525145,-0.016743475577603806,DOWN
TSLA,2023-07-12 09:00:00,2023-07-11 16:30:00,"$SUMRX: Gapping up/down: QSR +3%, CNA +3% and AVYA +1% after earnings, TSLA +7% after M&A speculation, FDA +2% and.… https://t.co/H9cE7tsuwE","$sumrx: gapping up/down: qsr +3%, cna +3% and avya +1% after earnings, tsla +7% after m&a speculation, fda +2% and.… https://t.co/h9ce7tsuwe",-0.037135444434901355,0.040226198294270876,UP
TSLA,2023-08-23 09:00:00,2023-08-22 16:30:00,"$SUMRX: Gapping up/down: SMPL +9% after earnings/guidance, TSLA and INTC +4% after upgrades; TDY -1% after guidance… https://t.co/bvcn60OeNT","$sumrx: gapping up/down: smpl +9% after earnings/guidance, tsla and intc +4% after upgrades; tdy -1% after guidance… https://t.co/bvcn60oent",0.04991132181826874,-0.225119362663175,DOWN
TSLA,2024-05-29 09:00:00,2024-05-28 16:30:00,"Stocks making the biggest moves midday: Tesla, FedEx, Slack, Lyft, Taubman Centers & more","stocks making the biggest moves midday: tesla, fedex, slack, lyft, taubman centers & more",-0.055787799151166495,-0.08293073258270478,UP
TSLA,2024-02-27 09:00:00,2024-02-26 16:30:00,"Stocks making the biggest moves midday: Tesla, FedEx, Slack, Lyft, Taubman Centers & more https://t.co/ImutcATVER","stocks making the biggest moves midday: tesla, fedex, slack, lyft, taubman centers & more https://t.co/imutcatver",0.030811320138081966,-0.02775642499894848,UP
TSLA,2023-12-11 09:00:00,2023-12-10 16:30:00,"Stocks making the biggest moves midday: Uber, Tesla, Ulta, Zoom Video & more https://t.co/XN1cJCUNxT","stocks making the biggest moves midday: uber, tesla, ulta, zoom video & more https://t.co/xn1cjcunxt",0.01765856027581103,-0.05054845103309713,DOWN
TSLA,2024-05-10 09:00:00,2024-05-09 16:30:00,"Stocks making the biggest moves premarket: TD Ameritrade, Charles Schwab, Tesla & more","stocks making the biggest moves premarket: td ameritrade, charles schwab, tesla & more",-0.07020255560080668,0.10124138934925231,UP
TSLA,2023-07-17 09:00:00,2023-07-16 16:30:00,"More than 200,000 background checks for gun purchases were initiated on Black Friday, making it the second-highest… https://t.co/sObJbkbSRq","more than 200,000 background checks for gun purchases were initiated on black friday, making it the second-highest… https://t.co/sobjbkbsrq",0.07703727851239117,0.09584349471608089,UP
TSLA,2024-07-11 09:00:00,2024-07-10 16:30:00,$VSTM - Verastem submits marketing application in Europe for Copiktra https://t.co/mQYcMbts2u,$vstm - verastem submits marketing application in europe for copiktra https://t.co/mqycmbts2u,-0.02175413216294997,0.7250881968014167,UP
TSLA,2024-09-13 09:00:00,2024-09-12 16:30:00,"Futures, Global Markets Soar For Second Day As Virus Fears Fade, Dollars Slides https://t.co/ORNlxqQtf5","futures, global markets soar for second day as virus fears fade, dollars slides https://t.co/ornlxqqtf5",0.09282018675634407,-0.1721930206454143,DOWN
TSLA,2024-03-06 09:00:00,2024-03-05 16:30:00,Burberry says coronavirus hurting luxury demand,burberry says coronavirus hurting luxury demand,-0.12621263535624072,-0.09810982376851907,UP
TSLA,2024-07-12 09:00:00,2024-07-11 16:30:00,Platts: 5 Commodity Charts To Watch This Week https://t.co/u6hpTFPb7o,platts: 5 commodity charts to watch this week https://t.co/u6hptfpb7o,-0.013080504488851452,-0.2965689447302817,UP
TSLA,2023-02-23 09:00:00,2023-02-22 16:30:00,"Nasdaq sheds 21 points, 0.2%, at the bell","nasdaq sheds 21 points, 0.2%, at the bell",-0.056805441826473624,-0.23702682343864445,DOWN
TSLA,2023-12-28 09:00:00,2023-12-27 16:30:00,Watch Live: Fed Chair Powell Avoid Admitting QE4 Has Begun & Repocalypse Is Imminent https://t.co/BlKwurqscz,watch live: fed chair powell avoid admitting qe4 has begun & repocalypse is imminent https://t.co/blkwurqscz,0.024439561791088193,0.06690962153878521,DOWN
TSLA,2024-08-12 09:00:00,2024-08-11 16:30:00,Audentes Therapeutics stock price target raised to $40 from $34 at Evercore ISI,audentes therapeutics stock price target raised to $40 from $34 at evercore isi,-0.006989135938866631,0.09201630737804845,UP
TSLA,2023-09-01 09:00:00,2023-08-31 16:30:00,"Should You Worry About AcelRx Pharmaceuticals, Inc.'s (NASDAQ:ACRX) CEO Salary Level?","should you worry about acelrx pharmaceuticals, inc.'s (nasdaq:acrx) ceo salary level?",0.02690807773790027,0.21752278349502174,UP
TSLA,2024-08-29 09:00:00,2024-08-28 16:30:00,Community Healthcare declares $0.4175 dividend,community healthcare declares $0.4175 dividend,-0.0207918200259688,-0.0281924749362098,UP
TSLA,2024-04-01 09:00:00,2024-03-31 16:30:00,U.S. stocks are 📈 https://t.co/2cVbN4AIF4 https://t.co/iAQJgLcbR6,u.s. stocks are 📈 https://t.co/2cvbn4aif4 https://t.co/iaqjglcbr6,0.02569805855291163,0.05031627149899287,DOWN
TSLA,2023-02-07 09:00:00,2023-02-06 16:30:00,"Google has announced new limits on political advertising, but the decision raises broad questions about what types… https://t.co/ML0m6zOtF6","google has announced new limits on political advertising, but the decision raises broad questions about what types… https://t.co/ml0m6zotf6",0.13618517591299484,-0.0009549482485722294,UP
TSLA,2024-05-23 09:00:00,2024-05-22 16:30:00,"Powell Admits ""Low Rates Are Not A Choice Any More"", Says QE Will Be Used In Next Downturn | #FreeZeroHedge https://t.co/RFVxk9uMth","powell admits ""low rates are not a choice any more"", says qe will be used in next downturn | #freezerohedge https://t.co/rfvxk9umth",-0.006291414251695326,-0.1850000283082428,UP
TSLA,2023-11-29 09:00:00,2023-11-28 16:30:00,Southern gains 2.9% on Georgia rate case approval,southern gains 2.9% on georgia rate case approval,0.012189065002505384,-0.08851301818446189,DOWN
TSLA,2024-12-26 09:00:00,2024-12-25 16:30:00,$PAYC - Paycom Software: Time To Take Some Profits. Sign up for updates on Seeking Alpha! https://t.co/EXkP86YqMq… https://t.co/ynJB4WvRwi,$payc - paycom software: time to take some profits. sign up for updates on seeking alpha! https://t.co/exkp86yqmq… https://t.co/ynjb4wvrwi,0.03180878341554472,0.2823525065573165,DOWN
TSLA,2024-07-26 09:00:00,2024-07-25 16:30:00,Gove rules out Scottish referendum,gove rules out scottish referendum,-0.08110365444813161,-0.05994246620262034,UP
TSLA,2023-10-04 09:00:00,2023-10-03 16:30:00,Armour Energy : Kincora Project Work Program Update #ArmourEnergy #Stock #MarketScreener https://t.co/hopwye7dAZ https://t.co/UFH7dvJHa8,armour energy : kincora project work program update #armourenergy #stock #marketscreener https://t.co/hopwye7daz https://t.co/ufh7dvjha8,0.08590438113143195,0.27196370457311003,HOLD
TSLA,2023-06-29 09:00:00,2023-06-28 16:30:00,French luxury goods owner LVMH has agreed to buy U.S. jeweler Tiffany for $16.2 billion in its biggest acquisition… https://t.co/YFFwqXHs2r,french luxury goods owner lvmh has agreed to buy u.s. jeweler tiffany for $16.2 billion in its biggest acquisition… https://t.co/yffwqxhs2r,-0.026869678943204356,-0.1783016671381754,UP
TSLA,2023-06-16 09:00:00,2023-06-15 16:30:00,President Trump meets with Fed Chairman Powell to discuss economy,president trump meets with fed chairman powell to discuss economy,0.06603934145462209,0.04835076468179045,UP
TSLA,2024-06-12 09:00:00,2024-06-11 16:30:00,Global Medical REIT adds another bull to its herd,global medical reit adds another bull to its herd,0.013085675920758932,0.39571877909696895,UP
TSLA,2024-03-15 09:00:00,2024-03-14 16:30:00,Small-Company Stocks Have Been Lagging the Market. Here's Why That Could Change Soon - MONEY,small-company stocks have been lagging the market. here's why that could change soon - money,-0.06712666396428113,-0.23098150257627703,UP
TSLA,2023-05-12 09:00:00,2023-05-11 16:30:00,$BAM - Brookfield Asset Management announces proposed debt offering https://t.co/zG400YPdK3,$bam - brookfield asset management announces proposed debt offering https://t.co/zg400ypdk3,-0.012230988244828267,0.5193931267620817,DOWN
TSLA,2024-07-16 09:00:00,2024-07-15 16:30:00,At the open (11/25/2019),at the open (11/25/2019),-0.021995156135466765,-0.14008572426247112,DOWN
TSLA,2024-06-07 09:00:00,2024-06-06 16:30:00,Top Earnings Mon 11/25 Aft: $A $AMBA $ARWR $BECN $CAL $HPE $MNR $MTSC $NAT $NTNX $PANW $PVH $SR,top earnings mon 11/25 aft: $a $amba $arwr $becn $cal $hpe $mnr $mtsc $nat $ntnx $panw $pvh $sr,-0.003369306476562417,-0.19520225506889688,DOWN
TSLA,2024-03-13 09:00:00,2024-03-12 16:30:00,Government Launches Portal For Subsidy Scheme Under PMAY,government launches portal for subsidy scheme under pmay,-0.039990924589823895,0.218931546130811,DOWN
TSLA,2024-09-04 09:00:00,2024-09-03 16:30:00,Highlight: @danielhowley on iPhone tracking concerns: “The whole controversy really is that Apple has made a lot of… https://t.co/emyBEiWVfx,highlight: @danielhowley on iphone tracking concerns: “the whole controversy really is that apple has made a lot of… https://t.co/emybeiwvfx,0.04875482348314497,0.051328176530551106,UP
TSLA,2024-02-01 09:00:00,2024-01-31 16:30:00,Zee Entertainment’s Subhash Chandra Resigns As Chairman,zee entertainment’s subhash chandra resigns as chairman,0.034112662547080674,-0.11023004919522505,DOWN
TSLA,2023-03-29 09:00:00,2023-03-28 16:30:00,Federal Reserve Continues To Step Up. https://t.co/aCj2ASpOba #stocks #markets #economy,federal reserve continues to step up. https://t.co/acj2aspoba #stocks #markets #economy,0.014282035435515317,0.2534641060832439,UP
TSLA,2024-10-02 09:00:00,2024-10-01 16:30:00,The Malaysian state of Penang is winning from global investors’ search for safe havens amid the U.S.-China trade te… https://t.co/PjQjBC28mw,the malaysian state of penang is winning from global investors’ search for safe havens amid the u.s.-china trade te… https://t.co/pjqjbc28mw,-0.031125924376198544,0.07536019295724361,DOWN
TSLA,2024-12-24 09:00:00,2024-12-23 16:30:00,"Franklin Electric Co., Inc. (FELE): Are Hedge Funds Right About This Stock?","franklin electric co., inc. (fele): are hedge funds right about this stock?",-0.03663565854399364,-0.18083416210327363,DOWN
TSLA,2023-09-18 09:00:00,2023-09-17 16:30:00,"Amazon com : seeks to depose Trump, Esper in lawsuit over cloud computing contract #Amazoncom #Stock… https://t.co/VV5RlkaAZd","amazon com : seeks to depose trump, esper in lawsuit over cloud computing contract #amazoncom #stock… https://t.co/vv5rlkaazd",-0.03033843190417851,-0.24047009438838285,HOLD
TSLA,2024-10-30 09:00:00,2024-10-29 16:30:00,Here's Why We're Not At All Concerned With Akcea Therapeutics's (NASDAQ:AKCA) Cash Burn Situation,here's why we're not at all concerned with akcea therapeutics's (nasdaq:akca) cash burn situation,0.20547622349923578,-0.32945363864195787,DOWN
TSLA,2024-07-05 09:00:00,2024-07-04 16:30:00,"S&P 500, Nasdaq notch records to end the week as market weighs merits of limited China trade-deal","s&p 500, nasdaq notch records to end the week as market weighs merits of limited china trade-deal",0.27403508563108536,-0.07240748912563832,UP
TSLA,2023-04-19 09:00:00,2023-04-18 16:30:00,Fed's Mester says she opposed recent series of rate cuts but called it a 'close call',fed's mester says she opposed recent series of rate cuts but called it a 'close call',0.00027696385076603214,0.3656652220665384,DOWN
TSLA,2024-11-04 09:00:00,2024-11-03 16:30:00,Scalp Trader's recent $DBVT play took off for a +109% gain in just three days. Learn more and #tradesmarter here &gt;&gt;… https://t.co/DdfhnwLak7,scalp trader's recent $dbvt play took off for a +109% gain in just three days. learn more and #tradesmarter here &gt;&gt;… https://t.co/ddfhnwlak7,-0.07493052720273874,0.19563192503927374,UP
TSLA,2024-07-10 09:00:00,2024-07-09 16:30:00,"$GPP - Green Plains Partners EPS misses by $0.01, misses on revenue https://t.co/MTt2czUWkk","$gpp - green plains partners eps misses by $0.01, misses on revenue https://t.co/mtt2czuwkk",0.13837246397514358,-0.1978111351974179,DOWN
TSLA,2023-09-29 09:00:00,2023-09-28 16:30:00,Nokia and Ericsson both advance after Barr says U.S. firms should buy stakes,nokia and ericsson both advance after barr says u.s. firms should buy stakes,0.021806583761079468,0.09793189582338457,UP
TSLA,2024-07-18 09:00:00,2024-07-17 16:30:00,$TRP - Work starts in Montana on Keystone XL pipeline https://t.co/24mBVL0pmI,$trp - work starts in montana on keystone xl pipeline https://t.co/24mbvl0pmi,0.034020648839444556,-0.04079948228486796,DOWN
TSLA,2024-08-20 09:00:00,2024-08-19 16:30:00,Estee Lauder buys its first Asia-based beauty brand,estee lauder buys its first asia-based beauty brand,0.06385028222849232,-0.0318439671774261,UP
TSLA,2024-10-21 09:00:00,2024-10-20 16:30:00,"Australia central bank pumps liquidity, proposes bond buys to ease financial conditions https://t.co/JkbAPjX6Yv https://t.co/GFYiDHmP2U","australia central bank pumps liquidity, proposes bond buys to ease financial conditions https://t.co/jkbapjx6yv https://t.co/gfyidhmp2u",-0.0014144805320942533,-0.046015169747580686,HOLD
TSLA,2023-08-14 09:00:00,2023-08-13 16:30:00,Trump has asked the Supreme Court to stop Deutsche Bank and Capital One from handing over his financial records to… https://t.co/ljpUQlkKhr,trump has asked the supreme court to stop deutsche bank and capital one from handing over his financial records to… https://t.co/ljpuqlkkhr,-0.0464903662091215,-0.004476032577197198,DOWN
TSLA,2024-12-19 09:00:00,2024-12-18 16:30:00,Schick Parent Company Edgewell Drops Bid for Harry's Razors,schick parent company edgewell drops bid for harry's razors,0.04321934240714853,-0.2060702768433007,DOWN
TSLA,2024-02-13 09:00:00,2024-02-12 16:30:00,"Apple shares flex muscles as Trump, Cook tour facilities","apple shares flex muscles as trump, cook tour facilities",-0.005834693654470757,-0.09151024203496172,UP
TSLA,2023-02-01 09:00:00,2023-01-31 16:30:00,Buffered annuities provide partial protection against market downturns. But they also take away some of the upside.… https://t.co/MKLg9fZT0M,buffered annuities provide partial protection against market downturns. but they also take away some of the upside.… https://t.co/mklg9fzt0m,0.256041077765208,0.0863396057689132,UP
TSLA,2024-09-16 09:00:00,2024-09-15 16:30:00,Edited Transcript of IWSY earnings conference call or presentation 12-Nov-19 9:30pm GMT,edited transcript of iwsy earnings conference call or presentation 12-nov-19 9:30pm gmt,0.04859663522082913,-0.087240044963379,HOLD
TSLA,2024-04-05 09:00:00,2024-04-04 16:30:00,"10:09 am $SPY 260.13 2,471 STOCKS ARE up from the OPEN vs 736 that are down from the open. $IWM 111.7","10:09 am $spy 260.13 2,471 stocks are up from the open vs 736 that are down from the open. $iwm 111.7",-0.06194891521454704,0.1623520241632972,UP
TSLA,2024-10-11 09:00:00,2024-10-10 16:30:00,#FlashbackFriday: We take a look back at our #Seattle branch employee sorting through currency in this #throwback f… https://t.co/0QiaWRDunE,#flashbackfriday: we take a look back at our #seattle branch employee sorting through currency in this #throwback f… https://t.co/0qiawrdune,-0.1290786889913097,0.7166190660162648,UP
TSLA,2023-10-03 09:00:00,2023-10-02 16:30:00,Financials Up On Signs Of Credit-Market Stability -- Financials Roundup #economy #MarketScreener… https://t.co/gSprQTSbKh,financials up on signs of credit-market stability -- financials roundup #economy #marketscreener… https://t.co/gsprqtsbkh,0.00987220920167764,-0.17627840633743208,UP
TSLA,2023-09-26 09:00:00,2023-09-25 16:30:00,$QQQ - How To Benefit From Trend And Momentum In QQQ. Read more: https://t.co/JqeL4Gl9Xd #investing #markets #finance,$qqq - how to benefit from trend and momentum in qqq. read more: https://t.co/jqel4gl9xd #investing #markets #finance,-0.0839775042507036,-0.025258848242393217,DOWN
TSLA,2024-05-31 09:00:00,2024-05-30 16:30:00,Trump Has Few Options to Juice the Economy Ahead of November,trump has few options to juice the economy ahead of november,0.024979833087788172,-0.13274945116106496,DOWN
TSLA,2023-07-24 09:00:00,2023-07-23 16:30:00,Shepard Smith made his first public appearance after he abruptly left Fox News last month to speak about press free… https://t.co/fEDflne95F,shepard smith made his first public appearance after he abruptly left fox news last month to speak about press free… https://t.co/fedflne95f,-0.0734210584947913,-0.15629301324321165,DOWN
TSLA,2023-04-05 09:00:00,2023-04-04 16:30:00,"Over 92,000 Employees Of BSNL, MTNL Opt For VRS Scheme","over 92,000 employees of bsnl, mtnl opt for vrs scheme",-0.04311945739533385,0.05866263705503072,HOLD
TSLA,2024-08-16 09:00:00,2024-08-15 16:30:00,Terms of Trade: Let the trade winds of clarity blow https://t.co/AxXyjLSgxG,terms of trade: let the trade winds of clarity blow https://t.co/axxyjlsgxg,0.08059997558593746,-0.01205807553826721,UP
TSLA,2023-09-28 09:00:00,2023-09-27 16:30:00,Stride Property : HY20 Interim Report and Results #StrideProperty #Stock #MarketScreener https://t.co/XLYNhr5bs9 https://t.co/zWeNrM8gAO,stride property : hy20 interim report and results #strideproperty #stock #marketscreener https://t.co/xlynhr5bs9 https://t.co/zwenrm8gao,-0.036448933033488506,-0.14303587482027447,UP
TSLA,2023-12-06 09:00:00,2023-12-05 16:30:00,"Does Your Retirement Portfolio Hold These 3 Mutual Fund Misfires? - February 06, 2020","does your retirement portfolio hold these 3 mutual fund misfires? - february 06, 2020",-0.01953798756609315,-0.08360374020356443,UP
TSLA,2023-07-20 09:00:00,2023-07-19 16:30:00,"China still has room for conventional monetary expansion, but its ability to deal successfully with a crisis depend… https://t.co/jR2R3VLkOo","china still has room for conventional monetary expansion, but its ability to deal successfully with a crisis depend… https://t.co/jr2r3vlkoo",-0.05397625163528208,0.2304296148934286,DOWN
TSLA,2023-08-10 09:00:00,2023-08-09 16:30:00,Defence Expo: Defence Equipment Makers See This As Another Opportunity In India,defence expo: defence equipment makers see this as another opportunity in india,-0.053910267590149386,0.07778137589656309,DOWN
TSLA,2024-04-19 09:00:00,2024-04-18 16:30:00,Bank of Ireland : to make branch network changes in response to COVID-19 #BankofIreland #Stock #MarketScreener… https://t.co/2rKs52jf1Y,bank of ireland : to make branch network changes in response to covid-19 #bankofireland #stock #marketscreener… https://t.co/2rks52jf1y,-0.14030984841747052,-0.09390647958143072,DOWN
TSLA,2023-10-26 09:00:00,2023-10-25 16:30:00,Oil slips as concerns over U.S.-China trade talks drag on,oil slips as concerns over u.s.-china trade talks drag on,-0.06519470293818519,0.0751645494189983,UP
TSLA,2024-03-28 09:00:00,2024-03-27 16:30:00,Uber helicopter rides to from Manhattan to JFK International Airport were briefly cheaper than by car https://t.co/DBtx9lfjWz,uber helicopter rides to from manhattan to jfk international airport were briefly cheaper than by car https://t.co/dbtx9lfjwz,0.017185428978383488,-0.050721236125372826,HOLD
TSLA,2024-10-28 09:00:00,2024-10-27 16:30:00,Capstone Turbine wins flare gas project order from Ecopetrol,capstone turbine wins flare gas project order from ecopetrol,0.19949738379928705,-0.33387578513710936,DOWN
TSLA,2023-12-27 09:00:00,2023-12-26 16:30:00,"""The fact that the public market rejected the private market valuation on WeWork, I think was a very healthy develo… https://t.co/eVo36teP8g","""the fact that the public market rejected the private market valuation on wework, i think was a very healthy develo… https://t.co/evo36tep8g",0.016406193922230194,0.225589349586385,DOWN
NVDA,2024-02-26 09:00:00,2024-02-25 16:30:00,$NVDA - Nvidia set for gaming tailwinds - BofA https://t.co/l3m78pJzrW,$nvda - nvidia set for gaming tailwinds - bofa https://t.co/l3m78pjzrw,0.08922650212539374,-0.39235556820209605,HOLD
NVDA,2023-08-11 09:00:00,2023-08-10 16:30:00,Morgan Stanley analyst Joseph Moore upgraded NVIDIA (NASDAQ: $NVDA) from Equalweight to Overweight with a price tar… https://t.co/NVjiO6Brwb,morgan stanley analyst joseph moore upgraded nvidia (nasdaq: $nvda) from equalweight to overweight with a price tar… https://t.co/nvjio6brwb,-0.08560878999135457,0.081955734161415,UP
NVDA,2024-04-23 09:00:00,2024-04-22 16:30:00,Morgan Stanley upgrades NVIDIA $NVDA from Equal-Weight to Overweight and announces $259 price target.,morgan stanley upgrades nvidia $nvda from equal-weight to overweight and announces $259 price target.,-0.057106953523403,-0.26458351849025974,DOWN
NVDA,2024-04-11 09:00:00,2024-04-10 16:30:00,"Morgan Stanley upgrades Nvidia to buy, predicting 2020 will be 'a return to solid growth' https://t.co/9gTGxKbSGj","morgan stanley upgrades nvidia to buy, predicting 2020 will be 'a return to solid growth' https://t.co/9gtgxkbsgj",0.054839632176231445,-0.0006760370338643185,DOWN
NVDA,2024-07-19 09:00:00,2024-07-18 16:30:00,"Nvidia Has One Of The Best Opportunities To Maintain High Multiple, Morgan Stanley Says In Upgrade","nvidia has one of the best opportunities to maintain high multiple, morgan stanley says in upgrade",-0.08751164273655576,-0.32324712325865046,UP
NVDA,2024-07-17 09:00:00,2024-07-16 16:30:00,Nvidia stock climbs after Morgan Stanley turns bullish,nvidia stock climbs after morgan stanley turns bullish,-0.12541698420464853,0.816301662945623,UP
NVDA,2024-07-12 09:00:00,2024-07-11 16:30:00,Upgrades 11/25: $ARWR $CACI $CF $DECK $DKS $ENR $EQM $ETRN $FE $HAS $HLX $JD $KIM $LYFT $NTR $NVDA $ORAN $PROS $SNAP $WEN $WING $WRI $ZS,upgrades 11/25: $arwr $caci $cf $deck $dks $enr $eqm $etrn $fe $has $hlx $jd $kim $lyft $ntr $nvda $oran $pros $snap $wen $wing $wri $zs,0.02710008433988431,-0.3257946538087271,DOWN
NVDA,2024-06-05 09:00:00,2024-06-04 16:30:00,"Here are the biggest analyst calls of the day: Netflix, Nvidia, Lyft, Molson Coors, Snap & more","here are the biggest analyst calls of the day: netflix, nvidia, lyft, molson coors, snap & more",0.06631836007447545,0.3101179200841011,DOWN
NVDA,2023-11-08 09:00:00,2023-11-07 16:30:00,"Here are the biggest analyst calls of the day: Netflix, Nvidia, Lyft, Molson Coors, Snap & more https://t.co/jzxbhHJwOu","here are the biggest analyst calls of the day: netflix, nvidia, lyft, molson coors, snap & more https://t.co/jzxbhhjwou",0.10038985168871895,0.010356534028819864,UP
NVDA,2024-01-29 09:00:00,2024-01-28 16:30:00,"Stock Market Update: NVIDIA shares upgraded, Netflix downgraded","stock market update: nvidia shares upgraded, netflix downgraded",0.04712174968336624,-0.10652073101055826,HOLD
NVDA,2024-06-07 09:00:00,2024-06-06 16:30:00,NVIDIA Corporation Just Beat EPS By 16%: Here's What Analysts Think Will Happen Next,nvidia corporation just beat eps by 16%: here's what analysts think will happen next,0.10266066714697897,-0.379587059347431,UP
NVDA,2024-04-19 09:00:00,2024-04-18 16:30:00,"Nvidia $NVDA said it sees fourth-quarter revenue in the region of $2.95 billion, with a margin for error of 2% https://t.co/kK5Cme1Lm6","nvidia $nvda said it sees fourth-quarter revenue in the region of $2.95 billion, with a margin for error of 2% https://t.co/kk5cme1lm6",-0.1359172710807387,0.9567991772123596,UP
NVDA,2024-03-26 09:00:00,2024-03-25 16:30:00,See the latest #broker #ratings changes https://t.co/f9jwmhJP5n $ARWR $CACI $DECK $DKS $ENR $HAS $JD $LYFT $NVDA… https://t.co/BIDhJPNHdU,see the latest #broker #ratings changes https://t.co/f9jwmhjp5n $arwr $caci $deck $dks $enr $has $jd $lyft $nvda… https://t.co/bidhjpnhdu,0.03538104087236471,-0.06970746337858791,DOWN
NVDA,2024-02-05 09:00:00,2024-02-04 16:30:00,$NVDA - Nvidia Slowing: Moving To Neutral Rating. Read more and sign up for updates: https://t.co/g5q3ROLEND… https://t.co/UIzng8HS8R,$nvda - nvidia slowing: moving to neutral rating. read more and sign up for updates: https://t.co/g5q3rolend… https://t.co/uizng8hs8r,0.1099335718091643,0.42700250536113704,DOWN
NVDA,2023-06-28 09:00:00,2023-06-27 16:30:00,"RECAP 11/22 -Neg Comments:
$BWA - Wolfe
$ST - Wolfe
$NVDA - Daiwa
$STAY - Nomura
$CAAP - Oppenheimer
$SEDG - Williams Trading","recap 11/22 -neg comments:
$bwa - wolfe
$st - wolfe
$nvda - daiwa
$stay - nomura
$caap - oppenheimer
$sedg - williams trading",-0.044790281591933656,0.26064585925244765,DOWN
NVDA,2023-07-25 09:00:00,2023-07-24 16:30:00,Large cap Tech call flows hot early $MSFT $AAPL $NVDA $FB,large cap tech call flows hot early $msft $aapl $nvda $fb,-0.03821532502074054,-0.09002237814888792,HOLD
NVDA,2024-12-24 09:00:00,2024-12-23 16:30:00,$SPY $IWM $NVDA $NFLX,$spy $iwm $nvda $nflx,0.07538923136029307,-0.40269861150161745,HOLD
NVDA,2023-02-21 09:00:00,2023-02-20 16:30:00,"How Much Upside Is Too Much for Intel, AMD and Nvidia?","how much upside is too much for intel, amd and nvidia?",-0.052001074656310875,-0.11992796551960982,HOLD
NVDA,2024-11-04 09:00:00,2024-11-03 16:30:00,Should You Buy NVIDIA Stock At Its Current Valuation?,should you buy nvidia stock at its current valuation?,-0.03181042616563001,-0.09462563692560821,UP
NVDA,2024-06-28 09:00:00,2024-06-27 16:30:00,"$NVDA (+2.6% pre) Morgan Stanley Upgrades NVIDIA (NVDA) to Overweight, Sees Gaming/Data Center Accelerating in 2020… https://t.co/8T6hPNjc3R","$nvda (+2.6% pre) morgan stanley upgrades nvidia (nvda) to overweight, sees gaming/data center accelerating in 2020… https://t.co/8t6hpnjc3r",-0.023939312527475498,0.24921636113626344,UP
NVDA,2024-05-09 09:00:00,2024-05-08 16:30:00,NVIDIA : Shares up 5%; Morgan Stanley Upgrades to Overweight #NVIDIA #Stock #MarketScreener https://t.co/YeynnTYOiH https://t.co/Le1UySQ7qW,nvidia : shares up 5%; morgan stanley upgrades to overweight #nvidia #stock #marketscreener https://t.co/yeynntyoih https://t.co/le1uysq7qw,0.03414242235606291,0.16054230461038732,UP
NVDA,2023-06-26 09:00:00,2023-06-25 16:30:00,Nvidia +3.7% as RBC sees earnings upside,nvidia +3.7% as rbc sees earnings upside,-0.04825263066847807,0.6594683643267996,UP
NVDA,2023-04-18 09:00:00,2023-04-17 16:30:00,Positive analyst commentary lifts NVIDIA to fresh 2019 high (NVDA) https://t.co/wQLnMhMscG $nvda,positive analyst commentary lifts nvidia to fresh 2019 high (nvda) https://t.co/wqlnmhmscg $nvda,0.01832968382409872,0.8813889899866552,UP
NVDA,2024-04-30 09:00:00,2024-04-29 16:30:00,"$FNJN 'Finjan wins IPR patent trial as the PTAB rules that Juniper Networks failed to prove that Finjan '844 ""Downl… https://t.co/wlOmfcLSK3","$fnjn 'finjan wins ipr patent trial as the ptab rules that juniper networks failed to prove that finjan '844 ""downl… https://t.co/wlomfclsk3",0.048275409463381935,-0.06494571574744645,DOWN
NVDA,2024-08-23 09:00:00,2024-08-22 16:30:00,ADO Properties S.A.: Changes in the board of directors composition and change in the posit... #ADOProperties #Stock… https://t.co/dhjqXDRmPQ,ado properties s.a.: changes in the board of directors composition and change in the posit... #adoproperties #stock… https://t.co/dhjqxdrmpq,0.03844913481883405,-0.14077707195663036,DOWN
NVDA,2024-01-12 09:00:00,2024-01-11 16:30:00,Here is What Hedge Funds Think About Briggs & Stratton Corporation (BGG),here is what hedge funds think about briggs & stratton corporation (bgg),0.11432468273920393,-0.40848148079878144,UP
NVDA,2023-03-20 09:00:00,2023-03-19 16:30:00,$ENB $ENB $CVE - Enbridge says Mainline plan opponents stalling for time https://t.co/tRuhfNl8if,$enb $enb $cve - enbridge says mainline plan opponents stalling for time https://t.co/truhfnl8if,0.12775407410704842,-0.4900141064667013,UP
NVDA,2024-08-13 09:00:00,2024-08-12 16:30:00,Norway hopes to cut carbon dioxide emissions by requiring airline suppliers to blend their aviation fuel with 0.5%… https://t.co/9WofEhsZ8p,norway hopes to cut carbon dioxide emissions by requiring airline suppliers to blend their aviation fuel with 0.5%… https://t.co/9wofehsz8p,0.11405275193907372,-0.039664590141476275,UP
NVDA,2023-08-28 09:00:00,2023-08-27 16:30:00,$DKS - Dick's Sporting Goods +2% after BAML upgrade https://t.co/e8IUnAUiuk,$dks - dick's sporting goods +2% after baml upgrade https://t.co/e8iunauiuk,-0.002810483363665295,-0.25952486704901223,UP
NVDA,2024-03-13 09:00:00,2024-03-12 16:30:00,$HSC - Harsco Q1 adjusted EBITDA to be above expectations https://t.co/OWUUn34GRf,$hsc - harsco q1 adjusted ebitda to be above expectations https://t.co/owuun34grf,0.02466745902275269,-0.048440669086554644,DOWN
NVDA,2023-10-23 09:00:00,2023-10-22 16:30:00,"Is Sonos, Inc. (NASDAQ:SONO) Trading At A 47% Discount?","is sonos, inc. (nasdaq:sono) trading at a 47% discount?",-0.06768635782529742,0.002648418282467313,UP
NVDA,2024-07-16 09:00:00,2024-07-15 16:30:00,"$SEAC - SeaChange EPS misses by $0.05, misses on revenue https://t.co/J4uKTQ7uUy","$seac - seachange eps misses by $0.05, misses on revenue https://t.co/j4uktq7uuy",-0.03820980427682774,0.030928899005501886,DOWN
NVDA,2024-02-20 09:00:00,2024-02-19 16:30:00,General Announcement::LOAN FACILITY OBTAINED BY KEPPEL PACIFIC OAK US REIT #SingaporeExchange #Stock… https://t.co/MGjSiYEQK6,general announcement::loan facility obtained by keppel pacific oak us reit #singaporeexchange #stock… https://t.co/mgjsiyeqk6,-0.038699999683199815,0.4229650311814215,DOWN
NVDA,2024-09-24 09:00:00,2024-09-23 16:30:00,Advent International Demonstrates Further Commitment to Boutique Fitness Sector Through Acquisitions of Zingfit and Triib,advent international demonstrates further commitment to boutique fitness sector through acquisitions of zingfit and triib,0.045678748818859694,0.7212305767631535,UP
NVDA,2024-10-28 09:00:00,2024-10-27 16:30:00,"Stock market live updates: Former Federal Reserve Chair Janet Yellen said the economy is in the throes of an ""absol… https://t.co/2xqOHCLmEe","stock market live updates: former federal reserve chair janet yellen said the economy is in the throes of an ""absol… https://t.co/2xqohclmee",-0.022197496989598497,-0.1537396506763532,UP
NVDA,2024-04-01 09:00:00,2024-03-31 16:30:00,EUR/USD Daily Forecast – Euro Falls Into a Range Near Trendline Support,eur/usd daily forecast – euro falls into a range near trendline support,-0.04163796881341708,0.03958760328299782,DOWN
NVDA,2023-05-04 09:00:00,2023-05-03 16:30:00,"CBS, Viacom hope to close merger next week","cbs, viacom hope to close merger next week",0.012341160823341912,-0.16050883311119057,UP
NVDA,2024-04-25 09:00:00,2024-04-24 16:30:00,Should You Be Concerned About CVS Health Corporation's (NYSE:CVS) ROE?,should you be concerned about cvs health corporation's (nyse:cvs) roe?,-0.024081372521545963,-0.170959844438197,UP
NVDA,2024-03-12 09:00:00,2024-03-11 16:30:00,$USO $XLE $OIL - OPEC+ confirms deeper oil production cut; crude oil jumps https://t.co/UCQIZjimV9,$uso $xle $oil - opec+ confirms deeper oil production cut; crude oil jumps https://t.co/ucqizjimv9,0.06920344961110625,-0.015167373268628603,DOWN
NVDA,2023-12-14 09:00:00,2023-12-13 16:30:00,"'We know that there will be very likely some effects on the United States', said the Fed chairman Jay Powell about… https://t.co/eAeVR5GUm2","'we know that there will be very likely some effects on the united states', said the fed chairman jay powell about… https://t.co/eaevr5gum2",0.03764266841491937,-0.12630864329867442,UP
NVDA,2024-06-14 09:00:00,2024-06-13 16:30:00,"Despite OPEC+ deal collapse, Saudi oil exports yet to rise-sources https://t.co/cDreUaBtVo https://t.co/t7lYA6uwxq","despite opec+ deal collapse, saudi oil exports yet to rise-sources https://t.co/cdreuabtvo https://t.co/t7lya6uwxq",0.0909271751549634,0.1864789445521653,DOWN
NVDA,2024-01-11 09:00:00,2024-01-10 16:30:00,‘Perfect Result’ for Unsung Stocks: Strategists on U.K. Vote,‘perfect result’ for unsung stocks: strategists on u.k. vote,0.14217253513403016,0.11795330051180608,HOLD
NVDA,2024-02-28 09:00:00,2024-02-27 16:30:00,The U.S. Navy sailor who fatally shot two people at Pearl Harbor before killing himself was unhappy with his comman… https://t.co/ACPOHAtzzq,the u.s. navy sailor who fatally shot two people at pearl harbor before killing himself was unhappy with his comman… https://t.co/acpohatzzq,0.1510404593557666,0.00358688298592047,UP
NVDA,2024-11-01 09:00:00,2024-10-31 16:30:00,Pope Francis demanded world leaders renounce atomic weapons and the Cold War-era doctrine of deterrence during his… https://t.co/1TGslC32ps,pope francis demanded world leaders renounce atomic weapons and the cold war-era doctrine of deterrence during his… https://t.co/1tgslc32ps,-0.04337996100675234,-0.23297249736705283,HOLD
NVDA,2024-01-10 09:00:00,2024-01-09 16:30:00,50 $SPY PUTS DAYTRADE 4/6 $258P .36 AVG,50 $spy puts daytrade 4/6 $258p .36 avg,0.14255078297164192,-0.30953822273961973,UP
NVDA,2023-12-15 09:00:00,2023-12-14 16:30:00,Aramco shares up 1.6% in third consecutive day of gains,aramco shares up 1.6% in third consecutive day of gains,0.029133138040150053,0.22676059218059863,UP
NVDA,2023-12-01 09:00:00,2023-11-30 16:30:00,Singing Machine reports Q2 results,singing machine reports q2 results,-0.021161285294891696,-0.2982059755210006,DOWN
NVDA,2023-10-31 09:00:00,2023-10-30 16:30:00,"Fed's Mester sees 'downside risk' from coronavirus, but does not want to cut rates https://t.co/P6XtdRcjNI","fed's mester sees 'downside risk' from coronavirus, but does not want to cut rates https://t.co/p6xtdrcjni",-0.06602843457968222,0.3348753182760007,UP
NVDA,2023-05-16 09:00:00,2023-05-15 16:30:00,"The 8 steps I took to make my first million, according to a millennial millionaire. https://t.co/OB72mDhUQ1","the 8 steps i took to make my first million, according to a millennial millionaire. https://t.co/ob72mdhuq1",0.022470344669944797,0.528973278988589,UP
NVDA,2024-11-18 09:00:00,2024-11-17 16:30:00,Why Reports of Drugs for Coronavirus Are Premature,why reports of drugs for coronavirus are premature,-0.03517830650965004,-0.1156489210335786,UP
NVDA,2023-08-03 09:00:00,2023-08-02 16:30:00,What is a cyclical stock? A defensive one? Here's the answer: https://t.co/n7pG0Kw8qQ,what is a cyclical stock? a defensive one? here's the answer: https://t.co/n7pg0kw8qq,-0.0301743374768646,-0.38851100271248085,HOLD
NVDA,2023-05-26 09:00:00,2023-05-25 16:30:00,"Applications for participation in the Fed's Commercial Paper Funding Facility must be submitted by Thursday, the Ne… https://t.co/DvwRfmIJXr","applications for participation in the fed's commercial paper funding facility must be submitted by thursday, the ne… https://t.co/dvwrfmijxr",0.24571389526420662,-0.5372809702113659,UP
NVDA,2024-08-20 09:00:00,2024-08-19 16:30:00,AMC : ELIOT GOLDBERG STEPPING DOWN AS HEAD OF NONFICTION AND ALTERNATIVE PROGRAMMING FOR T... #AMC #Stock… https://t.co/J4pIojv8aT,amc : eliot goldberg stepping down as head of nonfiction and alternative programming for t... #amc #stock… https://t.co/j4piojv8at,0.09566041560821459,-0.05731785774420295,UP
NVDA,2023-01-18 09:00:00,2023-01-17 16:30:00,"$USO $OIL $UWT - U.S. crude supply rose 6M barrels last week, API says https://t.co/0Qf1RRQIfp","$uso $oil $uwt - u.s. crude supply rose 6m barrels last week, api says https://t.co/0qf1rrqifp",0.09227483659433311,-0.13985075386126444,DOWN
NVDA,2023-11-17 09:00:00,2023-11-16 16:30:00,Ruling on Ryanair bid to delay COO's easyJet move set for next week,ruling on ryanair bid to delay coo's easyjet move set for next week,0.019923477179294435,-0.0428277940639753,UP
NVDA,2024-08-21 09:00:00,2024-08-20 16:30:00,NMC Health : UK's FCA looking into NMC Health's disclosure of co-chair's stake being under... #NMCHealth #Stock… https://t.co/r1sAF1OqSD,nmc health : uk's fca looking into nmc health's disclosure of co-chair's stake being under... #nmchealth #stock… https://t.co/r1saf1oqsd,0.0882452405772649,-0.14063836069091873,DOWN
NVDA,2023-08-07 09:00:00,2023-08-06 16:30:00,$EVH $PGNY $JG - Domo and Evolent Health Tech gainers; GlobalSCAPE and Yext among losers https://t.co/lP8BrPSIeQ,$evh $pgny $jg - domo and evolent health tech gainers; globalscape and yext among losers https://t.co/lp8brpsieq,-0.028076788976603262,-0.11170608769501411,DOWN
NVDA,2023-10-02 09:00:00,2023-10-01 16:30:00,Hargreaves top investor sells shares at discount; stock drops,hargreaves top investor sells shares at discount; stock drops,0.06063193041280979,0.08915365859789359,DOWN
NVDA,2023-03-07 09:00:00,2023-03-06 16:30:00,"Wearables Sales Surge, Bolstering Apple Stock","wearables sales surge, bolstering apple stock",0.0031013311841154856,0.1776859787531233,UP
NVDA,2023-08-04 09:00:00,2023-08-03 16:30:00,Navigator : Changes in the Executive Committee and in the Board of Directors #Navigator #Stock #MarketScreener… https://t.co/wqfcrnIUHh,navigator : changes in the executive committee and in the board of directors #navigator #stock #marketscreener… https://t.co/wqfcrniuhh,-0.04427806833848591,0.11873180000987116,UP
NVDA,2023-08-10 09:00:00,2023-08-09 16:30:00,Top 5 credit cards for 2020,top 5 credit cards for 2020,-0.04778162261104746,-0.15985021715443282,DOWN
NVDA,2024-11-14 09:00:00,2024-11-13 16:30:00,Intelsat Shorts Stick to Positions Even After Record 75% Wipeout,intelsat shorts stick to positions even after record 75% wipeout,-0.014239725325407404,0.01334005199493693,DOWN
NVDA,2023-08-15 09:00:00,2023-08-14 16:30:00,"$BLMN $EAT $SBUX - Restaurants stocks break higher, analysts reel in near-term expectations https://t.co/fOjVVJdfF0","$blmn $eat $sbux - restaurants stocks break higher, analysts reel in near-term expectations https://t.co/fojvvjdff0",-0.016209985992962306,-0.01995404803226486,DOWN
NVDA,2024-09-20 09:00:00,2024-09-19 16:30:00,"Stock Market Live Updates: Stocks end little changed, lashed by Brexit and US-China trade - Yahoo Finance","stock market live updates: stocks end little changed, lashed by brexit and us-china trade - yahoo finance",-0.026028534960852112,0.30308027354769784,HOLD
NVDA,2023-05-30 09:00:00,2023-05-29 16:30:00,Hedge Funds Cashing Out Of Artisan Partners Asset Management Inc (APAM),hedge funds cashing out of artisan partners asset management inc (apam),0.28659864303918403,0.2925600191490165,DOWN
NVDA,2024-11-29 09:00:00,2024-11-28 16:30:00,Kremlin says efforts to persuade Mexico to join oil cuts deal persist - TASS https://t.co/y1cgLM7HAe https://t.co/mijGuCKi8S,kremlin says efforts to persuade mexico to join oil cuts deal persist - tass https://t.co/y1cglm7hae https://t.co/mijgucki8s,-0.05740777441918654,-0.37331520968463705,HOLD
NVDA,2023-11-20 09:00:00,2023-11-19 16:30:00,Dow Jones Industrial Average retreats 63 points,dow jones industrial average retreats 63 points,0.03679558832056107,0.2734121554096647,DOWN
NVDA,2023-06-29 09:00:00,2023-06-28 16:30:00,Active Versus Passive Investing: The Fallout. Continue reading: https://t.co/QVdhV4FJHJ #investing #markets #trading,active versus passive investing: the fallout. continue reading: https://t.co/qvdhv4fjhj #investing #markets #trading,-0.05120285535289115,-0.34691292549932295,UP
NVDA,2024-08-02 09:00:00,2024-08-01 16:30:00,Merck and Bayer's vericiguat successful in late-stage heart failure study,merck and bayer's vericiguat successful in late-stage heart failure study,-0.05121175517916188,-0.07915527058968719,DOWN
NVDA,2023-01-23 09:00:00,2023-01-22 16:30:00,UK politicians face ‘steep learning curve’ on EU trade https://t.co/TD3IHQEPMY,uk politicians face ‘steep learning curve’ on eu trade https://t.co/td3ihqepmy,0.1357477130496212,0.15964826264188892,HOLD
NVDA,2023-04-27 09:00:00,2023-04-26 16:30:00,"One analyst says TD could unlock ""significant value"" by selling its minority stake in Ameritrade after its purchase… https://t.co/swy7IVNnQE","one analyst says td could unlock ""significant value"" by selling its minority stake in ameritrade after its purchase… https://t.co/swy7ivnnqe",0.0045011710518185755,-0.07180246937886536,UP
NVDA,2023-09-11 09:00:00,2023-09-10 16:30:00,Hedge Funds Are Warming Up To Eldorado Gold Corp (EGO) Again,hedge funds are warming up to eldorado gold corp (ego) again,-0.06866761929903908,0.0018961293172876648,DOWN
NVDA,2023-10-16 09:00:00,2023-10-15 16:30:00,Silvercorp -20% as quarterly silver sales volumes remain flat,silvercorp -20% as quarterly silver sales volumes remain flat,0.018156570858974597,-0.2088438459023655,DOWN
NVDA,2023-01-31 09:00:00,2023-01-30 16:30:00,$ZNGA - Why We Should Buy More Zynga Shares. https://t.co/ISbP0ilNkk #economy #trading #investing,$znga - why we should buy more zynga shares. https://t.co/isbp0ilnkk #economy #trading #investing,0.014118934601453637,0.019250487606705446,UP
NVDA,2024-07-03 09:00:00,2024-07-02 16:30:00,"South African Airways Cuts Foreign, Local Routes to Stay Afloat","south african airways cuts foreign, local routes to stay afloat",0.014873395812681656,-0.012020661800397514,DOWN
NVDA,2024-07-30 09:00:00,2024-07-29 16:30:00,".@realDonaldTrump on jobs number? ""Phenomenal""",".@realdonaldtrump on jobs number? ""phenomenal""",-0.15384610118572706,0.9618342943702674,UP
NVDA,2023-04-10 09:00:00,2023-04-09 16:30:00,Pinduoduo's stock plunges 23% premarket on heavy volume after Q3 results,pinduoduo's stock plunges 23% premarket on heavy volume after q3 results,-0.007128197831952288,-0.005972528881892258,DOWN
NVDA,2023-08-24 09:00:00,2023-08-23 16:30:00,"Given 6 months to live, woman gets a chance at life, love and a new baby thanks to Liver Tumor Program - UChicago M… https://t.co/6yDyKgykUT","given 6 months to live, woman gets a chance at life, love and a new baby thanks to liver tumor program - uchicago m… https://t.co/6ydykgykut",0.08810899486638801,0.4839226438490154,DOWN
NVDA,2023-02-10 09:00:00,2023-02-09 16:30:00,The 3 Biggest Risks of Taking Out a Personal Loan,the 3 biggest risks of taking out a personal loan,0.00781985806614549,0.0512735838251801,UP
NVDA,2023-06-27 09:00:00,2023-06-26 16:30:00,"Bunch of brick and mortar retailers up 15-25% today

Sustainable... (sarcasm font)","bunch of brick and mortar retailers up 15-25% today

sustainable... (sarcasm font)",-0.044101517206019736,-0.2223491642577593,DOWN
NVDA,2024-12-05 09:00:00,2024-12-04 16:30:00,Is Evonik Industries AG (ETR:EVK) Trading At A 45% Discount?,is evonik industries ag (etr:evk) trading at a 45% discount?,0.07181913317358246,-0.2534469776749243,DOWN
NVDA,2024-05-20 09:00:00,2024-05-19 16:30:00,China tariff cut set to power Wall Street to record highs,china tariff cut set to power wall street to record highs,0.048462887902870566,-0.11378377551843111,UP
NVDA,2024-12-26 09:00:00,2024-12-25 16:30:00,"Tonight's business headlines: ▪ US markets close higher, but post weekly losses ▪ Tesla shares down after unveilin… https://t.co/xdMDJAj4XI","tonight's business headlines: ▪ us markets close higher, but post weekly losses ▪ tesla shares down after unveilin… https://t.co/xdmdjaj4xi",0.08548591032978914,0.10506766073585205,DOWN
NVDA,2023-04-21 09:00:00,2023-04-20 16:30:00,InVivo launches equity offering; shares down 17%,invivo launches equity offering; shares down 17%,0.013491294897147288,-0.19314353316359334,HOLD
NVDA,2024-01-05 09:00:00,2024-01-04 16:30:00,Soybeans Nudge Higher After China Makes Small Tariff Cut,soybeans nudge higher after china makes small tariff cut,-0.008582029048917694,0.353969367282692,UP
NVDA,2024-08-19 09:00:00,2024-08-18 16:30:00,$WTER - Alkaline Water (WTER) Presents At Southwest Ideas Investor Conference - Slideshow. Read more and get update… https://t.co/p9Mhc99pnP,$wter - alkaline water (wter) presents at southwest ideas investor conference - slideshow. read more and get update… https://t.co/p9mhc99pnp,0.19244179052419663,0.05202982650775856,DOWN
NVDA,2024-05-14 09:00:00,2024-05-13 16:30:00,FDA extends action date for Blueprint's avapritinib,fda extends action date for blueprint's avapritinib,0.008856615340648633,0.023567384700359018,UP
NVDA,2023-11-14 09:00:00,2023-11-13 16:30:00,"Mobile TeleSystems EPS misses by RUB7.49, beats on revenue","mobile telesystems eps misses by rub7.49, beats on revenue",0.08053522470811414,0.08543328404523387,DOWN
NVDA,2023-09-12 09:00:00,2023-09-11 16:30:00,SB Financial announces extension of share repurchase program,sb financial announces extension of share repurchase program,-0.07576010089759477,-0.26312013941928325,UP
NVDA,2023-03-22 09:00:00,2023-03-21 16:30:00,SoftBank unveils a $184 million initiative to accelerate AI research https://t.co/0tsvtEjk1R,softbank unveils a $184 million initiative to accelerate ai research https://t.co/0tsvtejk1r,0.09245499883880659,0.456491319089235,UP
