record_index,ticker,rule_prediction,rule_confidence,finbert_prediction,finbert_confidence,label,rule_correct,finbert_correct
1,AAPL,UP,0.76,UP,0.76,UP,1,1
2,AAPL,HOLD,0.5,HOLD,0.5,HOLD,1,1
3,AAPL,UP,0.84,UP,0.84,UP,1,1
4,AAPL,HOLD,0.5,HOLD,0.5,UP,0,0
5,AAPL,HOLD,0.5,HOLD,0.5,DOWN,0,0
6,AAPL,HOLD,0.5,HOLD,0.5,HOLD,1,1
7,AAPL,HOLD,0.5,HOLD,0.5,UP,0,0
8,AAPL,HOLD,0.5,HOLD,0.5,UP,0,0
9,AAPL,UP,0.79,UP,0.79,UP,1,1
10,AAPL,UP,0.78,UP,0.78,HOLD,0,0
11,AAPL,UP,0.78,UP,0.78,UP,1,1
12,AAPL,UP,0.78,UP,0.78,UP,1,1
13,AAPL,UP,0.81,UP,0.81,DOWN,0,0
14,AAPL,UP,0.78,UP,0.78,UP,1,1
15,AAPL,UP,0.81,UP,0.81,UP,1,1
16,AAPL,UP,0.81,UP,0.81,UP,1,1
17,AAPL,UP,0.81,UP,0.81,UP,1,1
18,AAPL,UP,0.81,UP,0.81,DOWN,0,0
19,AAPL,UP,0.78,UP,0.78,UP,1,1
20,AAPL,UP,0.81,UP,0.81,DOWN,0,0
21,AAPL,UP,0.78,UP,0.78,DOWN,0,0
22,AAPL,UP,0.78,UP,0.78,HOLD,0,0
23,AAPL,UP,0.76,UP,0.76,UP,1,1
24,AAPL,UP,0.81,UP,0.81,HOLD,0,0
25,AAPL,UP,0.73,UP,0.73,UP,1,1
26,AAPL,UP,0.81,UP,0.81,DOWN,0,0
27,AAPL,UP,0.81,UP,0.81,DOWN,0,0
28,AAPL,UP,0.78,UP,0.78,DOWN,0,0
29,AAPL,UP,0.73,UP,0.73,HOLD,0,0
30,AAPL,UP,0.73,UP,0.73,HOLD,0,0
31,AAPL,UP,0.73,UP,0.73,DOWN,0,0
32,AAPL,UP,0.76,UP,0.76,UP,1,1
33,AAPL,UP,0.73,UP,0.73,HOLD,0,0
34,AAPL,UP,0.76,UP,0.76,DOWN,0,0
35,AAPL,UP,0.76,UP,0.76,HOLD,0,0
36,AAPL,UP,0.73,UP,0.73,UP,1,1
37,AAPL,UP,0.81,UP,0.81,UP,1,1
38,AAPL,UP,0.81,UP,0.81,DOWN,0,0
39,AAPL,UP,0.78,UP,0.78,UP,1,1
40,AAPL,UP,0.78,UP,0.78,DOWN,0,0
41,AAPL,UP,0.81,UP,0.81,DOWN,0,0
42,AAPL,UP,0.76,UP,0.76,UP,1,1
43,AAPL,UP,0.76,UP,0.76,UP,1,1
44,AAPL,UP,0.78,UP,0.78,HOLD,0,0
45,AAPL,UP,0.81,UP,0.81,UP,1,1
46,AAPL,UP,0.78,UP,0.78,DOWN,0,0
47,AAPL,UP,0.81,UP,0.81,UP,1,1
48,AAPL,UP,0.78,UP,0.78,UP,1,1
49,AAPL,UP,0.81,UP,0.81,DOWN,0,0
50,AAPL,UP,0.81,UP,0.81,UP,1,1
51,AAPL,UP,0.78,UP,0.78,UP,1,1
52,AAPL,UP,0.78,UP,0.78,DOWN,0,0
53,AAPL,UP,0.78,UP,0.78,HOLD,0,0
54,AAPL,UP,0.73,UP,0.73,UP,1,1
55,AAPL,UP,0.81,UP,0.81,UP,1,1
56,AAPL,UP,0.78,UP,0.78,UP,1,1
57,AAPL,UP,0.81,UP,0.81,UP,1,1
58,AAPL,UP,0.78,UP,0.78,HOLD,0,0
59,AAPL,UP,0.78,UP,0.78,DOWN,0,0
60,AAPL,UP,0.81,UP,0.81,UP,1,1
61,AAPL,UP,0.78,UP,0.78,DOWN,0,0
62,AAPL,UP,0.76,UP,0.76,DOWN,0,0
63,AAPL,UP,0.73,UP,0.73,HOLD,0,0
64,AAPL,UP,0.76,UP,0.76,UP,1,1
65,AAPL,UP,0.81,UP,0.81,HOLD,0,0
66,AAPL,UP,0.78,UP,0.78,HOLD,0,0
67,AAPL,UP,0.78,UP,0.78,UP,1,1
68,AAPL,UP,0.81,UP,0.81,UP,1,1
69,AAPL,UP,0.78,UP,0.78,DOWN,0,0
70,AAPL,UP,0.81,UP,0.81,DOWN,0,0
71,AAPL,UP,0.76,UP,0.76,HOLD,0,0
72,AAPL,UP,0.78,UP,0.78,DOWN,0,0
73,AAPL,UP,0.76,UP,0.76,HOLD,0,0
74,AAPL,UP,0.73,UP,0.73,UP,1,1
75,AAPL,UP,0.81,UP,0.81,UP,1,1
76,AAPL,UP,0.78,UP,0.78,HOLD,0,0
77,AAPL,UP,0.78,UP,0.78,DOWN,0,0
78,AAPL,UP,0.78,UP,0.78,DOWN,0,0
79,AAPL,UP,0.81,UP,0.81,DOWN,0,0
80,AAPL,UP,0.76,UP,0.76,UP,1,1
81,AAPL,UP,0.81,UP,0.81,HOLD,0,0
82,AAPL,UP,0.78,UP,0.78,DOWN,0,0
83,AAPL,UP,0.78,UP,0.78,UP,1,1
84,AAPL,UP,0.81,UP,0.81,HOLD,0,0
85,AAPL,UP,0.78,UP,0.78,DOWN,0,0
86,AAPL,UP,0.73,UP,0.73,HOLD,0,0
87,AAPL,UP,0.73,UP,0.73,HOLD,0,0
88,AAPL,UP,0.81,UP,0.81,HOLD,0,0
89,AAPL,UP,0.76,UP,0.76,UP,1,1
90,AAPL,UP,0.81,UP,0.81,HOLD,0,0
91,AAPL,UP,0.78,UP,0.78,DOWN,0,0
92,AAPL,UP,0.78,UP,0.78,DOWN,0,0
93,AAPL,UP,0.76,UP,0.76,HOLD,0,0
94,AAPL,UP,0.73,UP,0.73,UP,1,1
95,AAPL,UP,0.76,UP,0.76,UP,1,1
96,AAPL,UP,0.78,UP,0.78,UP,1,1
97,AAPL,UP,0.81,UP,0.81,HOLD,0,0
98,AAPL,UP,0.81,UP,0.81,UP,1,1
99,AAPL,UP,0.78,UP,0.78,HOLD,0,0
100,AAPL,UP,0.78,UP,0.78,DOWN,0,0
101,AAPL,UP,0.81,UP,0.81,HOLD,0,0
102,AAPL,UP,0.78,UP,0.78,DOWN,0,0
103,AAPL,UP,0.78,UP,0.78,UP,1,1
104,AAPL,UP,0.78,UP,0.78,HOLD,0,0
105,AAPL,UP,0.78,UP,0.78,UP,1,1
106,AAPL,UP,0.81,UP,0.81,HOLD,0,0
107,AAPL,UP,0.81,UP,0.81,HOLD,0,0
108,AAPL,UP,0.81,UP,0.81,UP,1,1
109,AAPL,UP,0.81,UP,0.81,DOWN,0,0
110,AAPL,UP,0.81,UP,0.81,HOLD,0,0
111,AAPL,UP,0.78,UP,0.78,DOWN,0,0
112,AAPL,UP,0.78,UP,0.78,UP,1,1
113,AAPL,UP,0.81,UP,0.81,HOLD,0,0
114,AAPL,UP,0.81,UP,0.81,DOWN,0,0
115,AAPL,UP,0.78,UP,0.78,UP,1,1
116,AAPL,UP,0.81,UP,0.81,UP,1,1
117,AAPL,UP,0.81,UP,0.81,HOLD,0,0
118,AAPL,UP,0.78,UP,0.78,UP,1,1
119,AAPL,UP,0.81,UP,0.81,DOWN,0,0
120,AAPL,UP,0.78,UP,0.78,DOWN,0,0
121,AAPL,UP,0.81,UP,0.81,HOLD,0,0
122,AAPL,UP,0.78,UP,0.78,DOWN,0,0
123,AAPL,UP,0.81,UP,0.81,DOWN,0,0
124,AAPL,UP,0.76,UP,0.76,HOLD,0,0
125,AAPL,UP,0.73,UP,0.73,UP,1,1
126,AAPL,UP,0.76,UP,0.76,HOLD,0,0
127,AAPL,UP,0.73,UP,0.73,HOLD,0,0
128,AAPL,UP,0.81,UP,0.81,UP,1,1
129,AAPL,UP,0.81,UP,0.81,HOLD,0,0
130,AAPL,UP,0.78,UP,0.78,UP,1,1
131,AAPL,UP,0.81,UP,0.81,DOWN,0,0
132,AAPL,UP,0.78,UP,0.78,DOWN,0,0
133,AAPL,UP,0.81,UP,0.81,HOLD,0,0
134,AAPL,UP,0.73,UP,0.73,HOLD,0,0
135,AAPL,UP,0.73,UP,0.73,HOLD,0,0
136,AAPL,UP,0.76,UP,0.76,DOWN,0,0
137,AAPL,UP,0.78,UP,0.78,UP,1,1
138,AAPL,UP,0.81,UP,0.81,HOLD,0,0
139,AAPL,UP,0.78,UP,0.78,HOLD,0,0
140,AAPL,UP,0.78,UP,0.78,DOWN,0,0
141,AAPL,UP,0.76,UP,0.76,DOWN,0,0
142,AAPL,UP,0.76,UP,0.76,DOWN,0,0
143,AAPL,UP,0.76,UP,0.76,DOWN,0,0
144,AAPL,UP,0.73,UP,0.73,UP,1,1
145,AAPL,UP,0.73,UP,0.73,DOWN,0,0
146,AAPL,UP,0.73,UP,0.73,HOLD,0,0
147,AAPL,UP,0.73,UP,0.73,HOLD,0,0
148,AAPL,UP,0.73,UP,0.73,UP,1,1
149,AAPL,UP,0.78,UP,0.78,DOWN,0,0
150,AAPL,UP,0.73,UP,0.73,HOLD,0,0
151,AAPL,UP,0.76,UP,0.76,DOWN,0,0
152,AAPL,UP,0.76,UP,0.76,HOLD,0,0
153,AAPL,UP,0.73,UP,0.73,UP,1,1
154,AAPL,UP,0.73,UP,0.73,UP,1,1
155,AAPL,UP,0.73,UP,0.73,UP,1,1
156,AAPL,UP,0.81,UP,0.81,DOWN,0,0
157,AAPL,UP,0.81,UP,0.81,UP,1,1
158,AAPL,UP,0.78,UP,0.78,UP,1,1
159,AAPL,UP,0.78,UP,0.78,UP,1,1
160,AAPL,UP,0.81,UP,0.81,UP,1,1
161,AAPL,UP,0.81,UP,0.81,HOLD,0,0
162,AAPL,UP,0.78,UP,0.78,UP,1,1
163,AAPL,UP,0.78,UP,0.78,HOLD,0,0
164,AAPL,UP,0.78,UP,0.78,DOWN,0,0
165,AAPL,UP,0.76,UP,0.76,DOWN,0,0
166,AAPL,UP,0.76,UP,0.76,HOLD,0,0
167,AAPL,UP,0.73,UP,0.73,UP,1,1
168,AAPL,UP,0.73,UP,0.73,DOWN,0,0
169,AAPL,UP,0.76,UP,0.76,DOWN,0,0
170,AAPL,UP,0.73,UP,0.73,UP,1,1
171,AAPL,UP,0.73,UP,0.73,HOLD,0,0
172,AAPL,UP,0.76,UP,0.76,UP,1,1
173,AAPL,UP,0.73,UP,0.73,UP,1,1
174,AAPL,UP,0.78,UP,0.78,DOWN,0,0
175,AAPL,UP,0.81,UP,0.81,DOWN,0,0
176,AAPL,UP,0.76,UP,0.76,HOLD,0,0
177,AAPL,UP,0.73,UP,0.73,UP,1,1
178,AAPL,UP,0.73,UP,0.73,DOWN,0,0
179,AAPL,UP,0.76,UP,0.76,DOWN,0,0
180,AAPL,UP,0.76,UP,0.76,HOLD,0,0
181,AAPL,UP,0.73,UP,0.73,HOLD,0,0
182,AAPL,UP,0.73,UP,0.73,UP,1,1
183,AAPL,UP,0.76,UP,0.76,DOWN,0,0
184,AAPL,UP,0.78,UP,0.78,UP,1,1
185,AAPL,UP,0.81,UP,0.81,UP,1,1
186,AAPL,UP,0.78,UP,0.78,UP,1,1
187,AAPL,UP,0.81,UP,0.81,UP,1,1
188,AAPL,UP,0.78,UP,0.78,HOLD,0,0
189,AAPL,UP,0.81,UP,0.81,UP,1,1
190,AAPL,UP,0.81,UP,0.81,UP,1,1
191,AAPL,UP,0.81,UP,0.81,DOWN,0,0
192,AAPL,UP,0.78,UP,0.78,HOLD,0,0
193,AAPL,UP,0.76,UP,0.76,DOWN,0,0
194,AAPL,UP,0.76,UP,0.76,DOWN,0,0
195,AAPL,UP,0.73,UP,0.73,HOLD,0,0
196,AAPL,UP,0.76,UP,0.76,DOWN,0,0
197,AAPL,UP,0.76,UP,0.76,HOLD,0,0
198,AAPL,UP,0.73,UP,0.73,HOLD,0,0
199,AAPL,UP,0.73,UP,0.73,DOWN,0,0
200,AAPL,UP,0.76,UP,0.76,DOWN,0,0
201,AAPL,UP,0.76,UP,0.76,UP,1,1
202,AAPL,UP,0.73,UP,0.73,UP,1,1
203,AAPL,UP,0.73,UP,0.73,HOLD,0,0
204,AAPL,UP,0.73,UP,0.73,UP,1,1
205,AAPL,UP,0.81,UP,0.81,UP,1,1
206,AAPL,UP,0.81,UP,0.81,DOWN,0,0
207,AAPL,UP,0.81,UP,0.81,UP,1,1
208,AAPL,UP,0.78,UP,0.78,UP,1,1
209,AAPL,UP,0.81,UP,0.81,UP,1,1
210,AAPL,UP,0.78,UP,0.78,HOLD,0,0
211,AAPL,UP,0.81,UP,0.81,UP,1,1
212,AAPL,UP,0.81,UP,0.81,DOWN,0,0
213,AAPL,UP,0.78,UP,0.78,UP,1,1
214,AAPL,UP,0.81,UP,0.81,HOLD,0,0
215,AAPL,UP,0.78,UP,0.78,UP,1,1
216,AAPL,UP,0.81,UP,0.81,HOLD,0,0
217,AAPL,UP,0.78,UP,0.78,UP,1,1
218,AAPL,UP,0.78,UP,0.78,HOLD,0,0
219,AAPL,UP,0.78,UP,0.78,HOLD,0,0
220,AAPL,UP,0.81,UP,0.81,DOWN,0,0
221,AAPL,UP,0.78,UP,0.78,HOLD,0,0
222,AAPL,UP,0.81,UP,0.81,HOLD,0,0
223,AAPL,UP,0.73,UP,0.73,DOWN,0,0
224,AAPL,UP,0.76,UP,0.76,HOLD,0,0
225,AAPL,UP,0.76,UP,0.76,UP,1,1
226,AAPL,UP,0.78,UP,0.78,DOWN,0,0
227,AAPL,UP,0.73,UP,0.73,UP,1,1
228,AAPL,UP,0.81,UP,0.81,DOWN,0,0
229,AAPL,UP,0.78,UP,0.78,UP,1,1
230,AAPL,UP,0.81,UP,0.81,UP,1,1
231,AAPL,UP,0.81,UP,0.81,DOWN,0,0
232,AAPL,UP,0.81,UP,0.81,UP,1,1
233,AAPL,UP,0.78,UP,0.78,UP,1,1
234,AAPL,UP,0.81,UP,0.81,HOLD,0,0
235,AAPL,UP,0.78,UP,0.78,HOLD,0,0
236,AAPL,UP,0.81,UP,0.81,DOWN,0,0
237,AAPL,UP,0.78,UP,0.78,UP,1,1
238,AAPL,UP,0.78,UP,0.78,DOWN,0,0
239,AAPL,UP,0.76,UP,0.76,HOLD,0,0
240,AAPL,UP,0.73,UP,0.73,DOWN,0,0
241,AAPL,UP,0.73,UP,0.73,HOLD,0,0
242,AAPL,UP,0.73,UP,0.73,HOLD,0,0
243,AAPL,UP,0.76,UP,0.76,HOLD,0,0
244,AAPL,UP,0.73,UP,0.73,DOWN,0,0
245,AAPL,UP,0.76,UP,0.76,DOWN,0,0
246,AAPL,UP,0.76,UP,0.76,DOWN,0,0
247,AAPL,UP,0.73,UP,0.73,DOWN,0,0
248,AAPL,UP,0.76,UP,0.76,HOLD,0,0
249,AAPL,UP,0.73,UP,0.73,UP,1,1
250,AAPL,UP,0.73,UP,0.73,HOLD,0,0
251,AAPL,UP,0.73,UP,0.73,UP,1,1
252,AAPL,UP,0.81,UP,0.81,HOLD,0,0
253,AAPL,UP,0.81,UP,0.81,HOLD,0,0
254,AAPL,UP,0.78,UP,0.78,DOWN,0,0
255,AAPL,UP,0.76,UP,0.76,DOWN,0,0
256,AAPL,UP,0.73,UP,0.73,UP,1,1
257,AAPL,UP,0.81,UP,0.81,UP,1,1
258,AAPL,UP,0.78,UP,0.78,UP,1,1
259,AAPL,UP,0.78,UP,0.78,UP,1,1
260,AAPL,UP,0.78,UP,0.78,HOLD,0,0
261,AAPL,UP,0.81,UP,0.81,HOLD,0,0
262,AAPL,UP,0.81,UP,0.81,DOWN,0,0
263,AAPL,UP,0.78,UP,0.78,HOLD,0,0
264,AAPL,UP,0.76,UP,0.76,DOWN,0,0
265,AAPL,UP,0.76,UP,0.76,DOWN,0,0
266,AAPL,UP,0.73,UP,0.73,UP,1,1
267,AAPL,UP,0.76,UP,0.76,DOWN,0,0
268,AAPL,UP,0.76,UP,0.76,UP,1,1
269,AAPL,UP,0.73,UP,0.73,UP,1,1
270,AAPL,UP,0.78,UP,0.78,HOLD,0,0
271,AAPL,UP,0.81,UP,0.81,DOWN,0,0
272,AAPL,UP,0.78,UP,0.78,HOLD,0,0
273,AAPL,UP,0.81,UP,0.81,DOWN,0,0
274,AAPL,UP,0.73,UP,0.73,DOWN,0,0
275,AAPL,UP,0.76,UP,0.76,HOLD,0,0
276,AAPL,UP,0.73,UP,0.73,HOLD,0,0
277,AAPL,UP,0.76,UP,0.76,DOWN,0,0
278,AAPL,UP,0.73,UP,0.73,HOLD,0,0
279,AAPL,UP,0.76,UP,0.76,HOLD,0,0
280,AAPL,UP,0.73,UP,0.73,UP,1,1
281,AAPL,UP,0.81,UP,0.81,DOWN,0,0
282,AAPL,UP,0.73,UP,0.73,DOWN,0,0
283,AAPL,UP,0.73,UP,0.73,UP,1,1
284,AAPL,UP,0.81,UP,0.81,DOWN,0,0
285,AAPL,UP,0.73,UP,0.73,HOLD,0,0
286,AAPL,UP,0.76,UP,0.76,DOWN,0,0
287,AAPL,UP,0.73,UP,0.73,DOWN,0,0
288,AAPL,UP,0.76,UP,0.76,DOWN,0,0
289,AAPL,UP,0.76,UP,0.76,DOWN,0,0
290,AAPL,UP,0.73,UP,0.73,HOLD,0,0
291,AAPL,UP,0.76,UP,0.76,UP,1,1
292,AAPL,UP,0.76,UP,0.76,UP,1,1
293,AAPL,UP,0.73,UP,0.73,HOLD,0,0
294,AAPL,UP,0.78,UP,0.78,DOWN,0,0
295,AAPL,UP,0.78,UP,0.78,UP,1,1
296,AAPL,UP,0.81,UP,0.81,HOLD,0,0
297,AAPL,UP,0.81,UP,0.81,UP,1,1
298,AAPL,UP,0.78,UP,0.78,UP,1,1
299,AAPL,UP,0.78,UP,0.78,UP,1,1
300,AAPL,UP,0.78,UP,0.78,DOWN,0,0
301,AAPL,UP,0.76,UP,0.76,UP,1,1
302,AAPL,UP,0.73,UP,0.73,DOWN,0,0
303,AAPL,UP,0.73,UP,0.73,DOWN,0,0
304,AAPL,UP,0.76,UP,0.76,UP,1,1
305,AAPL,UP,0.76,UP,0.76,DOWN,0,0
306,AAPL,UP,0.81,UP,0.81,DOWN,0,0
307,AAPL,UP,0.73,UP,0.73,DOWN,0,0
308,AAPL,UP,0.76,UP,0.76,HOLD,0,0
309,AAPL,UP,0.73,UP,0.73,HOLD,0,0
310,AAPL,UP,0.76,UP,0.76,HOLD,0,0
311,AAPL,UP,0.73,UP,0.73,DOWN,0,0
312,AAPL,UP,0.73,UP,0.73,UP,1,1
313,AAPL,UP,0.81,UP,0.81,DOWN,0,0
314,AAPL,UP,0.76,UP,0.76,UP,1,1
315,AAPL,UP,0.81,UP,0.81,UP,1,1
316,AAPL,UP,0.81,UP,0.81,DOWN,0,0
317,AAPL,UP,0.78,UP,0.78,DOWN,0,0
318,AAPL,UP,0.76,UP,0.76,DOWN,0,0
319,AAPL,UP,0.78,UP,0.78,DOWN,0,0
320,AAPL,UP,0.73,UP,0.73,DOWN,0,0
321,AAPL,UP,0.76,UP,0.76,UP,1,1
322,AAPL,UP,0.73,UP,0.73,UP,1,1
323,AAPL,UP,0.76,UP,0.76,UP,1,1
324,AAPL,UP,0.78,UP,0.78,UP,1,1
325,AAPL,UP,0.81,UP,0.81,HOLD,0,0
326,AAPL,UP,0.78,UP,0.78,UP,1,1
327,AAPL,UP,0.81,UP,0.81,DOWN,0,0
328,AAPL,UP,0.78,UP,0.78,DOWN,0,0
329,AAPL,UP,0.78,UP,0.78,UP,1,1
330,AAPL,UP,0.81,UP,0.81,UP,1,1
331,AAPL,UP,0.81,UP,0.81,DOWN,0,0
332,AAPL,UP,0.78,UP,0.78,HOLD,0,0
333,AAPL,UP,0.78,UP,0.78,HOLD,0,0
334,AAPL,UP,0.78,UP,0.78,UP,1,1
335,AAPL,UP,0.81,UP,0.81,DOWN,0,0
336,AAPL,UP,0.76,UP,0.76,UP,1,1
337,AAPL,UP,0.81,UP,0.81,UP,1,1
338,AAPL,UP,0.78,UP,0.78,UP,1,1
339,AAPL,UP,0.81,UP,0.81,HOLD,0,0
340,AAPL,UP,0.78,UP,0.78,HOLD,0,0
341,AAPL,UP,0.78,UP,0.78,UP,1,1
342,AAPL,UP,0.81,UP,0.81,UP,1,1
343,AAPL,UP,0.78,UP,0.78,DOWN,0,0
344,AAPL,UP,0.78,UP,0.78,DOWN,0,0
345,AAPL,UP,0.76,UP,0.76,UP,1,1
346,AAPL,UP,0.78,UP,0.78,HOLD,0,0
347,AAPL,UP,0.76,UP,0.76,HOLD,0,0
348,AAPL,UP,0.76,UP,0.76,UP,1,1
349,AAPL,UP,0.78,UP,0.78,UP,1,1
350,AAPL,UP,0.81,UP,0.81,UP,1,1
351,AAPL,UP,0.78,UP,0.78,HOLD,0,0
352,AAPL,UP,0.78,UP,0.78,UP,1,1
353,AAPL,UP,0.81,UP,0.81,DOWN,0,0
354,AAPL,UP,0.78,UP,0.78,UP,1,1
355,AAPL,UP,0.81,UP,0.81,DOWN,0,0
356,AAPL,UP,0.76,UP,0.76,UP,1,1
357,AAPL,UP,0.81,UP,0.81,UP,1,1
358,AAPL,UP,0.81,UP,0.81,UP,1,1
359,AAPL,UP,0.78,UP,0.78,DOWN,0,0
360,AAPL,UP,0.78,UP,0.78,UP,1,1
361,AAPL,UP,0.81,UP,0.81,DOWN,0,0
362,AAPL,UP,0.78,UP,0.78,DOWN,0,0
363,AAPL,UP,0.76,UP,0.76,DOWN,0,0
364,AAPL,UP,0.76,UP,0.76,HOLD,0,0
365,AAPL,UP,0.73,UP,0.73,HOLD,0,0
366,AAPL,UP,0.73,UP,0.73,UP,1,1
367,AAPL,UP,0.76,UP,0.76,HOLD,0,0
368,AAPL,UP,0.78,UP,0.78,DOWN,0,0
369,AAPL,UP,0.81,UP,0.81,UP,1,1
370,AAPL,UP,0.78,UP,0.78,UP,1,1
371,AAPL,UP,0.78,UP,0.78,UP,1,1
372,AAPL,UP,0.78,UP,0.78,UP,1,1
373,AAPL,UP,0.81,UP,0.81,UP,1,1
374,AAPL,UP,0.78,UP,0.78,HOLD,0,0
375,AAPL,UP,0.78,UP,0.78,UP,1,1
376,AAPL,UP,0.81,UP,0.81,DOWN,0,0
377,AAPL,UP,0.81,UP,0.81,UP,1,1
378,AAPL,UP,0.78,UP,0.78,UP,1,1
379,AAPL,UP,0.81,UP,0.81,HOLD,0,0
380,AAPL,UP,0.78,UP,0.78,DOWN,0,0
381,AAPL,UP,0.76,UP,0.76,DOWN,0,0
382,AAPL,UP,0.76,UP,0.76,HOLD,0,0
383,AAPL,UP,0.73,UP,0.73,HOLD,0,0
384,AAPL,UP,0.73,UP,0.73,HOLD,0,0
385,AAPL,UP,0.73,UP,0.73,DOWN,0,0
386,AAPL,UP,0.76,UP,0.76,HOLD,0,0
387,AAPL,UP,0.73,UP,0.73,HOLD,0,0
388,AAPL,UP,0.73,UP,0.73,HOLD,0,0
389,AAPL,UP,0.73,UP,0.73,HOLD,0,0
390,AAPL,UP,0.76,UP,0.76,UP,1,1
391,AAPL,UP,0.81,UP,0.81,DOWN,0,0
392,AAPL,UP,0.81,UP,0.81,UP,1,1
393,AAPL,UP,0.81,UP,0.81,DOWN,0,0
394,AAPL,UP,0.76,UP,0.76,DOWN,0,0
395,AAPL,UP,0.73,UP,0.73,UP,1,1
396,AAPL,UP,0.73,UP,0.73,UP,1,1
397,AAPL,UP,0.73,UP,0.73,UP,1,1
398,AAPL,UP,0.73,UP,0.73,UP,1,1
399,AAPL,UP,0.78,UP,0.78,UP,1,1
400,AAPL,UP,0.81,UP,0.81,HOLD,0,0
401,AAPL,UP,0.78,UP,0.78,UP,1,1
402,AAPL,UP,0.81,UP,0.81,UP,1,1
403,AAPL,UP,0.78,UP,0.78,HOLD,0,0
404,AAPL,UP,0.78,UP,0.78,HOLD,0,0
405,AAPL,UP,0.78,UP,0.78,HOLD,0,0
406,AAPL,UP,0.81,UP,0.81,DOWN,0,0
407,AAPL,UP,0.76,UP,0.76,UP,1,1
408,AAPL,UP,0.78,UP,0.78,HOLD,0,0
409,AAPL,UP,0.78,UP,0.78,HOLD,0,0
410,AAPL,UP,0.81,UP,0.81,DOWN,0,0
411,AAPL,UP,0.81,UP,0.81,UP,1,1
412,AAPL,UP,0.81,UP,0.81,HOLD,0,0
413,AAPL,UP,0.81,UP,0.81,DOWN,0,0
414,AAPL,UP,0.73,UP,0.73,DOWN,0,0
415,AAPL,UP,0.73,UP,0.73,UP,1,1
416,AAPL,UP,0.73,UP,0.73,DOWN,0,0
417,AAPL,UP,0.76,UP,0.76,HOLD,0,0
418,AAPL,UP,0.76,UP,0.76,HOLD,0,0
419,AAPL,UP,0.73,UP,0.73,UP,1,1
420,AAPL,UP,0.78,UP,0.78,HOLD,0,0
421,AAPL,UP,0.78,UP,0.78,HOLD,0,0
422,AAPL,UP,0.78,UP,0.78,DOWN,0,0
423,AAPL,UP,0.76,UP,0.76,HOLD,0,0
424,AAPL,UP,0.73,UP,0.73,UP,1,1
425,AAPL,UP,0.76,UP,0.76,UP,1,1
426,AAPL,UP,0.81,UP,0.81,HOLD,0,0
427,AAPL,UP,0.81,UP,0.81,DOWN,0,0
428,AAPL,UP,0.78,UP,0.78,HOLD,0,0
429,AAPL,UP,0.78,UP,0.78,HOLD,0,0
430,AAPL,UP,0.78,UP,0.78,UP,1,1
431,AAPL,UP,0.73,UP,0.73,HOLD,0,0
432,AAPL,UP,0.73,UP,0.73,UP,1,1
433,AAPL,UP,0.81,UP,0.81,DOWN,0,0
434,AAPL,UP,0.76,UP,0.76,HOLD,0,0
435,AAPL,UP,0.78,UP,0.78,HOLD,0,0
436,AAPL,UP,0.76,UP,0.76,UP,1,1
437,AAPL,UP,0.76,UP,0.76,DOWN,0,0
438,AAPL,UP,0.76,UP,0.76,UP,1,1
439,AAPL,UP,0.73,UP,0.73,UP,1,1
440,AAPL,UP,0.81,UP,0.81,HOLD,0,0
441,AAPL,UP,0.78,UP,0.78,DOWN,0,0
442,AAPL,UP,0.81,UP,0.81,UP,1,1
443,AAPL,UP,0.81,UP,0.81,UP,1,1
444,AAPL,UP,0.81,UP,0.81,DOWN,0,0
445,AAPL,UP,0.78,UP,0.78,HOLD,0,0
446,AAPL,UP,0.78,UP,0.78,UP,1,1
447,AAPL,UP,0.81,UP,0.81,UP,1,1
448,AAPL,UP,0.78,UP,0.78,HOLD,0,0
449,AAPL,UP,0.81,UP,0.81,DOWN,0,0
450,AAPL,UP,0.76,UP,0.76,HOLD,0,0
451,AAPL,UP,0.73,UP,0.73,HOLD,0,0
452,AAPL,UP,0.76,UP,0.76,UP,1,1
453,AAPL,UP,0.73,UP,0.73,HOLD,0,0
454,AAPL,UP,0.73,UP,0.73,DOWN,0,0
455,AAPL,UP,0.76,UP,0.76,DOWN,0,0
456,AAPL,UP,0.76,UP,0.76,DOWN,0,0
457,AAPL,UP,0.76,UP,0.76,HOLD,0,0
458,AAPL,UP,0.73,UP,0.73,UP,1,1
459,AAPL,UP,0.73,UP,0.73,HOLD,0,0
460,AAPL,UP,0.76,UP,0.76,UP,1,1
461,AAPL,UP,0.78,UP,0.78,HOLD,0,0
462,AAPL,UP,0.78,UP,0.78,DOWN,0,0
463,AAPL,UP,0.81,UP,0.81,HOLD,0,0
464,AAPL,UP,0.78,UP,0.78,HOLD,0,0
465,AAPL,UP,0.81,UP,0.81,UP,1,1
466,AAPL,UP,0.78,UP,0.78,DOWN,0,0
467,AAPL,UP,0.76,UP,0.76,UP,1,1
468,AAPL,UP,0.78,UP,0.78,HOLD,0,0
469,AAPL,UP,0.78,UP,0.78,HOLD,0,0
470,AAPL,UP,0.78,UP,0.78,HOLD,0,0
471,AAPL,UP,0.81,UP,0.81,UP,1,1
472,AAPL,UP,0.78,UP,0.78,UP,1,1
473,AAPL,UP,0.81,UP,0.81,UP,1,1
474,AAPL,UP,0.78,UP,0.78,HOLD,0,0
475,AAPL,UP,0.78,UP,0.78,UP,1,1
476,AAPL,UP,0.78,UP,0.78,UP,1,1
477,AAPL,UP,0.81,UP,0.81,UP,1,1
478,AAPL,UP,0.78,UP,0.78,HOLD,0,0
479,AAPL,UP,0.81,UP,0.81,HOLD,0,0
480,AAPL,UP,0.78,UP,0.78,HOLD,0,0
481,AAPL,UP,0.78,UP,0.78,UP,1,1
482,AAPL,UP,0.81,UP,0.81,HOLD,0,0
483,AAPL,UP,0.78,UP,0.78,DOWN,0,0
484,AAPL,UP,0.81,UP,0.81,UP,1,1
485,AAPL,UP,0.78,UP,0.78,HOLD,0,0
486,AAPL,UP,0.81,UP,0.81,UP,1,1
487,AAPL,UP,0.81,UP,0.81,UP,1,1
488,AAPL,UP,0.78,UP,0.78,DOWN,0,0
489,AAPL,UP,0.81,UP,0.81,UP,1,1
490,AAPL,UP,0.81,UP,0.81,UP,1,1
491,AAPL,UP,0.81,UP,0.81,HOLD,0,0
492,AAPL,UP,0.78,UP,0.78,UP,1,1
493,AAPL,UP,0.78,UP,0.78,HOLD,0,0
494,AAPL,UP,0.81,UP,0.81,DOWN,0,0
495,AAPL,UP,0.81,UP,0.81,DOWN,0,0
496,AAPL,UP,0.73,UP,0.73,DOWN,0,0
497,AAPL,UP,0.76,UP,0.76,DOWN,0,0
498,AAPL,UP,0.76,UP,0.76,HOLD,0,0
499,AAPL,UP,0.73,UP,0.73,UP,1,1
500,AAPL,UP,0.76,UP,0.76,DOWN,0,0
501,AAPL,UP,0.73,UP,0.73,HOLD,0,0
502,AAPL,UP,0.73,UP,0.73,DOWN,0,0
503,AAPL,UP,0.76,UP,0.76,DOWN,0,0
504,AAPL,UP,0.73,UP,0.73,HOLD,0,0
505,AAPL,UP,0.73,UP,0.73,UP,1,1
506,AAPL,UP,0.76,UP,0.76,DOWN,0,0
507,AAPL,UP,0.76,UP,0.76,UP,1,1
508,AAPL,UP,0.73,UP,0.73,DOWN,0,0
509,AAPL,UP,0.76,UP,0.76,UP,1,1
510,AAPL,UP,0.73,UP,0.73,HOLD,0,0
511,AAPL,UP,0.73,UP,0.73,HOLD,0,0
512,AAPL,UP,0.73,UP,0.73,UP,1,1
513,AAPL,UP,0.76,UP,0.76,UP,1,1
514,AAPL,UP,0.78,UP,0.78,HOLD,0,0
515,AAPL,UP,0.78,UP,0.78,DOWN,0,0
516,AAPL,UP,0.81,UP,0.81,DOWN,0,0
517,AAPL,UP,0.81,UP,0.81,DOWN,0,0
518,AAPL,UP,0.73,UP,0.73,UP,1,1
519,AAPL,UP,0.73,UP,0.73,HOLD,0,0
520,AAPL,UP,0.73,UP,0.73,HOLD,0,0
521,AAPL,UP,0.73,UP,0.73,DOWN,0,0
522,AAPL,UP,0.76,UP,0.76,HOLD,0,0
523,AAPL,UP,0.73,UP,0.73,UP,1,1
524,AAPL,UP,0.76,UP,0.76,UP,1,1
525,AAPL,UP,0.78,UP,0.78,UP,1,1
526,AAPL,UP,0.81,UP,0.81,UP,1,1
527,AAPL,UP,0.78,UP,0.78,HOLD,0,0
528,AAPL,UP,0.81,UP,0.81,HOLD,0,0
529,AAPL,UP,0.78,UP,0.78,HOLD,0,0
530,AAPL,UP,0.81,UP,0.81,HOLD,0,0
531,AAPL,UP,0.81,UP,0.81,UP,1,1
532,AAPL,UP,0.78,UP,0.78,HOLD,0,0
533,AAPL,UP,0.78,UP,0.78,DOWN,0,0
534,AAPL,UP,0.73,UP,0.73,DOWN,0,0
535,AAPL,UP,0.73,UP,0.73,UP,1,1
536,AAPL,UP,0.76,UP,0.76,DOWN,0,0
537,AAPL,UP,0.73,UP,0.73,DOWN,0,0
538,AAPL,UP,0.76,UP,0.76,HOLD,0,0
539,AAPL,UP,0.73,UP,0.73,HOLD,0,0
540,AAPL,UP,0.73,UP,0.73,UP,1,1
541,AAPL,UP,0.76,UP,0.76,DOWN,0,0
542,AAPL,UP,0.76,UP,0.76,DOWN,0,0
543,AAPL,UP,0.76,UP,0.76,DOWN,0,0
544,AAPL,UP,0.73,UP,0.73,DOWN,0,0
545,AAPL,UP,0.73,UP,0.73,UP,1,1
546,AAPL,UP,0.73,UP,0.73,HOLD,0,0
547,AAPL,UP,0.73,UP,0.73,DOWN,0,0
548,AAPL,UP,0.73,UP,0.73,UP,1,1
549,AAPL,UP,0.76,UP,0.76,DOWN,0,0
550,AAPL,UP,0.78,UP,0.78,UP,1,1
551,AAPL,UP,0.81,UP,0.81,UP,1,1
552,AAPL,UP,0.78,UP,0.78,UP,1,1
553,AAPL,UP,0.78,UP,0.78,DOWN,0,0
554,AAPL,UP,0.78,UP,0.78,UP,1,1
555,AAPL,UP,0.81,UP,0.81,DOWN,0,0
556,AAPL,UP,0.76,UP,0.76,UP,1,1
557,AAPL,UP,0.81,UP,0.81,HOLD,0,0
558,AAPL,UP,0.73,UP,0.73,HOLD,0,0
559,AAPL,UP,0.78,UP,0.78,DOWN,0,0
560,AAPL,UP,0.76,UP,0.76,DOWN,0,0
561,AAPL,UP,0.76,UP,0.76,DOWN,0,0
562,AAPL,UP,0.76,UP,0.76,DOWN,0,0
563,AAPL,UP,0.73,UP,0.73,UP,1,1
564,AAPL,UP,0.76,UP,0.76,DOWN,0,0
565,AAPL,UP,0.73,UP,0.73,UP,1,1
566,AAPL,UP,0.78,UP,0.78,UP,1,1
567,AAPL,UP,0.81,UP,0.81,HOLD,0,0
568,AAPL,UP,0.78,UP,0.78,DOWN,0,0
569,AAPL,UP,0.76,UP,0.76,UP,1,1
570,AAPL,UP,0.78,UP,0.78,DOWN,0,0
571,AAPL,UP,0.73,UP,0.73,UP,1,1
572,AAPL,UP,0.76,UP,0.76,UP,1,1
573,AAPL,UP,0.78,UP,0.78,UP,1,1
574,AAPL,UP,0.78,UP,0.78,HOLD,0,0
575,AAPL,UP,0.78,UP,0.78,HOLD,0,0
576,AAPL,UP,0.81,UP,0.81,UP,1,1
577,AAPL,UP,0.78,UP,0.78,UP,1,1
578,AAPL,UP,0.81,UP,0.81,HOLD,0,0
579,AAPL,UP,0.81,UP,0.81,DOWN,0,0
580,AAPL,UP,0.76,UP,0.76,DOWN,0,0
581,AAPL,UP,0.73,UP,0.73,HOLD,0,0
582,AAPL,UP,0.73,UP,0.73,DOWN,0,0
583,AAPL,UP,0.76,UP,0.76,UP,1,1
584,AAPL,UP,0.73,UP,0.73,UP,1,1
585,AAPL,UP,0.73,UP,0.73,UP,1,1
586,AAPL,UP,0.81,UP,0.81,UP,1,1
587,AAPL,UP,0.78,UP,0.78,HOLD,0,0
588,AAPL,UP,0.78,UP,0.78,HOLD,0,0
589,AAPL,UP,0.78,UP,0.78,HOLD,0,0
590,AAPL,UP,0.81,UP,0.81,DOWN,0,0
591,AAPL,UP,0.73,UP,0.73,DOWN,0,0
592,AAPL,UP,0.73,UP,0.73,DOWN,0,0
593,AAPL,UP,0.76,UP,0.76,HOLD,0,0
594,AAPL,UP,0.73,UP,0.73,DOWN,0,0
595,AAPL,UP,0.76,UP,0.76,UP,1,1
596,AAPL,UP,0.73,UP,0.73,HOLD,0,0
597,AAPL,UP,0.73,UP,0.73,HOLD,0,0
598,AAPL,UP,0.76,UP,0.76,HOLD,0,0
599,AAPL,UP,0.76,UP,0.76,HOLD,0,0
600,AAPL,UP,0.78,UP,0.78,UP,1,1
601,AAPL,UP,0.81,UP,0.81,HOLD,0,0
602,AAPL,UP,0.78,UP,0.78,DOWN,0,0
603,AAPL,UP,0.81,UP,0.81,UP,1,1
604,AAPL,UP,0.78,UP,0.78,DOWN,0,0
605,AAPL,UP,0.76,UP,0.76,UP,1,1
606,AAPL,UP,0.73,UP,0.73,DOWN,0,0
607,AAPL,UP,0.76,UP,0.76,HOLD,0,0
608,AAPL,UP,0.73,UP,0.73,DOWN,0,0
609,AAPL,UP,0.76,UP,0.76,UP,1,1
610,AAPL,UP,0.73,UP,0.73,DOWN,0,0
611,AAPL,UP,0.73,UP,0.73,HOLD,0,0
612,AAPL,UP,0.76,UP,0.76,UP,1,1
613,AAPL,UP,0.81,UP,0.81,HOLD,0,0
614,AAPL,UP,0.78,UP,0.78,DOWN,0,0
615,AAPL,UP,0.78,UP,0.78,UP,1,1
616,AAPL,UP,0.78,UP,0.78,HOLD,0,0
617,AAPL,UP,0.81,UP,0.81,HOLD,0,0
618,AAPL,UP,0.81,UP,0.81,UP,1,1
619,AAPL,UP,0.81,UP,0.81,UP,1,1
620,AAPL,UP,0.78,UP,0.78,UP,1,1
621,AAPL,UP,0.78,UP,0.78,UP,1,1
622,AAPL,UP,0.78,UP,0.78,DOWN,0,0
623,AAPL,UP,0.81,UP,0.81,HOLD,0,0
624,AAPL,UP,0.78,UP,0.78,UP,1,1
625,AAPL,UP,0.81,UP,0.81,UP,1,1
626,AAPL,UP,0.73,UP,0.73,DOWN,0,0
627,AAPL,UP,0.73,UP,0.73,DOWN,0,0
628,AAPL,UP,0.73,UP,0.73,HOLD,0,0
629,AAPL,UP,0.76,UP,0.76,UP,1,1
630,AAPL,UP,0.76,UP,0.76,HOLD,0,0
631,AAPL,UP,0.76,UP,0.76,UP,1,1
632,AAPL,UP,0.81,UP,0.81,UP,1,1
633,AAPL,UP,0.81,UP,0.81,UP,1,1
634,AAPL,UP,0.78,UP,0.78,HOLD,0,0
635,AAPL,UP,0.81,UP,0.81,HOLD,0,0
636,AAPL,UP,0.78,UP,0.78,HOLD,0,0
637,AAPL,UP,0.78,UP,0.78,HOLD,0,0
638,AAPL,UP,0.78,UP,0.78,DOWN,0,0
639,AAPL,UP,0.76,UP,0.76,DOWN,0,0
640,AAPL,UP,0.73,UP,0.73,DOWN,0,0
641,AAPL,UP,0.76,UP,0.76,DOWN,0,0
642,AAPL,UP,0.76,UP,0.76,HOLD,0,0
643,AAPL,UP,0.73,UP,0.73,HOLD,0,0
644,AAPL,UP,0.73,UP,0.73,UP,1,1
645,AAPL,UP,0.81,UP,0.81,UP,1,1
646,AAPL,UP,0.78,UP,0.78,UP,1,1
647,AAPL,UP,0.81,UP,0.81,DOWN,0,0
648,AAPL,UP,0.78,UP,0.78,UP,1,1
649,AAPL,UP,0.78,UP,0.78,UP,1,1
650,AAPL,UP,0.81,UP,0.81,HOLD,0,0
651,AAPL,UP,0.78,UP,0.78,DOWN,0,0
652,AAPL,UP,0.81,UP,0.81,HOLD,0,0
653,AAPL,UP,0.78,UP,0.78,HOLD,0,0
654,AAPL,UP,0.81,UP,0.81,DOWN,0,0
655,AAPL,UP,0.76,UP,0.76,HOLD,0,0
656,AAPL,UP,0.73,UP,0.73,UP,1,1
657,AAPL,UP,0.76,UP,0.76,HOLD,0,0
658,AAPL,UP,0.73,UP,0.73,UP,1,1
659,AAPL,UP,0.76,UP,0.76,UP,1,1
660,AAPL,UP,0.78,UP,0.78,UP,1,1
661,AAPL,UP,0.81,UP,0.81,HOLD,0,0
662,AAPL,UP,0.81,UP,0.81,DOWN,0,0
663,AAPL,UP,0.81,UP,0.81,UP,1,1
664,AAPL,UP,0.81,UP,0.81,UP,1,1
665,AAPL,UP,0.78,UP,0.78,HOLD,0,0
666,AAPL,UP,0.81,UP,0.81,DOWN,0,0
667,AAPL,UP,0.78,UP,0.78,DOWN,0,0
668,AAPL,UP,0.81,UP,0.81,DOWN,0,0
669,AAPL,UP,0.76,UP,0.76,UP,1,1
670,AAPL,UP,0.73,UP,0.73,UP,1,1
671,AAPL,UP,0.76,UP,0.76,UP,1,1
672,AAPL,UP,0.73,UP,0.73,UP,1,1
673,AAPL,UP,0.81,UP,0.81,HOLD,0,0
674,AAPL,UP,0.78,UP,0.78,HOLD,0,0
675,AAPL,UP,0.78,UP,0.78,UP,1,1
676,AAPL,UP,0.81,UP,0.81,UP,1,1
677,AAPL,UP,0.78,UP,0.78,DOWN,0,0
678,AAPL,UP,0.78,UP,0.78,DOWN,0,0
679,AAPL,UP,0.78,UP,0.78,UP,1,1
680,AAPL,UP,0.81,UP,0.81,DOWN,0,0
681,AAPL,UP,0.78,UP,0.78,HOLD,0,0
682,AAPL,UP,0.73,UP,0.73,HOLD,0,0
683,AAPL,UP,0.78,UP,0.78,HOLD,0,0
684,AAPL,UP,0.81,UP,0.81,UP,1,1
685,AAPL,UP,0.78,UP,0.78,HOLD,0,0
686,AAPL,UP,0.81,UP,0.81,DOWN,0,0
687,AAPL,UP,0.78,UP,0.78,HOLD,0,0
688,AAPL,UP,0.78,UP,0.78,UP,1,1
689,AAPL,UP,0.81,UP,0.81,DOWN,0,0
690,AAPL,UP,0.76,UP,0.76,DOWN,0,0
691,AAPL,UP,0.76,UP,0.76,UP,1,1
692,AAPL,UP,0.73,UP,0.73,HOLD,0,0
693,AAPL,UP,0.73,UP,0.73,UP,1,1
694,AAPL,UP,0.73,UP,0.73,DOWN,0,0
695,AAPL,UP,0.76,UP,0.76,UP,1,1
696,AAPL,UP,0.81,UP,0.81,UP,1,1
697,AAPL,UP,0.81,UP,0.81,HOLD,0,0
698,AAPL,UP,0.78,UP,0.78,DOWN,0,0
699,AAPL,UP,0.78,UP,0.78,HOLD,0,0
700,AAPL,UP,0.78,UP,0.78,UP,1,1
701,AAPL,UP,0.81,UP,0.81,UP,1,1
702,AAPL,UP,0.81,UP,0.81,HOLD,0,0
703,AAPL,UP,0.78,UP,0.78,HOLD,0,0
704,AAPL,UP,0.81,UP,0.81,UP,1,1
705,AAPL,UP,0.81,UP,0.81,HOLD,0,0
706,AAPL,UP,0.81,UP,0.81,HOLD,0,0
707,AAPL,UP,0.78,UP,0.78,HOLD,0,0
708,AAPL,UP,0.78,UP,0.78,HOLD,0,0
709,AAPL,UP,0.78,UP,0.78,HOLD,0,0
710,AAPL,UP,0.76,UP,0.76,HOLD,0,0
711,AAPL,UP,0.73,UP,0.73,HOLD,0,0
712,AAPL,UP,0.78,UP,0.78,UP,1,1
713,AAPL,UP,0.81,UP,0.81,DOWN,0,0
714,AAPL,UP,0.81,UP,0.81,HOLD,0,0
715,AAPL,UP,0.81,UP,0.81,HOLD,0,0
716,AAPL,UP,0.78,UP,0.78,DOWN,0,0
717,AAPL,UP,0.73,UP,0.73,HOLD,0,0
718,AAPL,UP,0.76,UP,0.76,HOLD,0,0
719,AAPL,UP,0.73,UP,0.73,DOWN,0,0
720,AAPL,UP,0.76,UP,0.76,UP,1,1
721,AAPL,UP,0.76,UP,0.76,UP,1,1
722,AAPL,UP,0.81,UP,0.81,HOLD,0,0
723,AAPL,UP,0.78,UP,0.78,HOLD,0,0
724,AAPL,UP,0.78,UP,0.78,HOLD,0,0
725,AAPL,UP,0.78,UP,0.78,UP,1,1
726,AAPL,UP,0.81,UP,0.81,UP,1,1
727,AAPL,UP,0.81,UP,0.81,DOWN,0,0
728,AAPL,UP,0.78,UP,0.78,DOWN,0,0
729,AAPL,UP,0.81,UP,0.81,DOWN,0,0
730,AAPL,UP,0.76,UP,0.76,HOLD,0,0
731,AAPL,UP,0.73,UP,0.73,HOLD,0,0
732,AAPL,UP,0.73,UP,0.73,UP,1,1
733,AAPL,UP,0.76,UP,0.76,HOLD,0,0
734,AAPL,UP,0.76,UP,0.76,HOLD,0,0
735,AAPL,UP,0.76,UP,0.76,DOWN,0,0
736,AAPL,UP,0.76,UP,0.76,HOLD,0,0
737,AAPL,UP,0.73,UP,0.73,DOWN,0,0
738,AAPL,UP,0.76,UP,0.76,HOLD,0,0
739,AAPL,UP,0.76,UP,0.76,UP,1,1
740,AAPL,UP,0.76,UP,0.76,DOWN,0,0
741,AAPL,UP,0.73,UP,0.73,UP,1,1
742,AAPL,UP,0.73,UP,0.73,UP,1,1
743,AAPL,UP,0.78,UP,0.78,HOLD,0,0
744,AAPL,UP,0.81,UP,0.81,HOLD,0,0
745,AAPL,UP,0.81,UP,0.81,HOLD,0,0
746,NVDA,HOLD,0.5,HOLD,0.5,UP,0,0
747,NVDA,HOLD,0.5,HOLD,0.5,UP,0,0
748,NVDA,HOLD,0.5,HOLD,0.5,UP,0,0
749,NVDA,HOLD,0.5,HOLD,0.5,UP,0,0
750,NVDA,HOLD,0.5,HOLD,0.5,DOWN,0,0
751,NVDA,HOLD,0.5,HOLD,0.5,DOWN,0,0
752,NVDA,HOLD,0.5,HOLD,0.5,UP,0,0
753,NVDA,UP,0.82,UP,0.82,UP,1,1
754,NVDA,UP,0.82,UP,0.82,HOLD,0,0
755,NVDA,UP,0.79,UP,0.79,HOLD,0,0
756,NVDA,DOWN,0.74,DOWN,0.74,UP,0,0
757,NVDA,DOWN,0.71,DOWN,0.71,UP,0,0
758,NVDA,DOWN,0.71,DOWN,0.71,DOWN,1,1
759,NVDA,DOWN,0.79,DOWN,0.79,UP,0,0
760,NVDA,HOLD,0.5,HOLD,0.5,UP,0,0
761,NVDA,HOLD,0.5,HOLD,0.5,UP,0,0
762,NVDA,DOWN,0.76,DOWN,0.76,DOWN,1,1
763,NVDA,DOWN,0.76,DOWN,0.76,HOLD,0,0
764,NVDA,DOWN,0.73,DOWN,0.73,UP,0,0
765,NVDA,UP,0.79,UP,0.79,HOLD,0,0
766,NVDA,HOLD,0.5,HOLD,0.5,UP,0,0
767,NVDA,HOLD,0.5,HOLD,0.5,DOWN,0,0
768,NVDA,HOLD,0.5,HOLD,0.5,UP,0,0
769,NVDA,UP,0.81,UP,0.81,UP,1,1
770,NVDA,DOWN,0.74,DOWN,0.74,DOWN,1,1
771,NVDA,DOWN,0.77,DOWN,0.77,DOWN,1,1
772,NVDA,DOWN,0.82,DOWN,0.82,DOWN,1,1
773,NVDA,DOWN,0.74,DOWN,0.74,DOWN,1,1
774,NVDA,DOWN,0.82,DOWN,0.82,HOLD,0,0
775,NVDA,DOWN,0.79,DOWN,0.79,UP,0,0
776,NVDA,DOWN,0.74,DOWN,0.74,DOWN,1,1
777,NVDA,DOWN,0.77,DOWN,0.77,UP,0,0
778,NVDA,DOWN,0.77,DOWN,0.77,DOWN,1,1
779,NVDA,DOWN,0.74,DOWN,0.74,DOWN,1,1
780,NVDA,DOWN,0.74,DOWN,0.74,UP,0,0
781,NVDA,DOWN,0.82,DOWN,0.82,UP,0,0
782,NVDA,DOWN,0.74,DOWN,0.74,DOWN,1,1
783,NVDA,DOWN,0.74,DOWN,0.74,DOWN,1,1
784,NVDA,DOWN,0.74,DOWN,0.74,UP,0,0
785,NVDA,DOWN,0.77,DOWN,0.77,DOWN,1,1
786,NVDA,DOWN,0.77,DOWN,0.77,DOWN,1,1
787,NVDA,DOWN,0.82,DOWN,0.82,HOLD,0,0
788,NVDA,DOWN,0.82,DOWN,0.82,UP,0,0
789,NVDA,DOWN,0.74,DOWN,0.74,UP,0,0
790,NVDA,DOWN,0.74,DOWN,0.74,UP,0,0
791,NVDA,DOWN,0.74,DOWN,0.74,UP,0,0
792,NVDA,DOWN,0.74,DOWN,0.74,UP,0,0
793,NVDA,DOWN,0.77,DOWN,0.77,UP,0,0
794,NVDA,DOWN,0.74,DOWN,0.74,UP,0,0
795,NVDA,DOWN,0.74,DOWN,0.74,UP,0,0
796,NVDA,DOWN,0.77,DOWN,0.77,DOWN,1,1
797,NVDA,DOWN,0.77,DOWN,0.77,DOWN,1,1
798,NVDA,DOWN,0.77,DOWN,0.77,HOLD,0,0
799,NVDA,DOWN,0.77,DOWN,0.77,UP,0,0
800,NVDA,DOWN,0.74,DOWN,0.74,UP,0,0
801,NVDA,DOWN,0.77,DOWN,0.77,UP,0,0
802,NVDA,DOWN,0.74,DOWN,0.74,UP,0,0
803,NVDA,DOWN,0.77,DOWN,0.77,DOWN,1,1
804,NVDA,DOWN,0.77,DOWN,0.77,DOWN,1,1
805,NVDA,DOWN,0.79,DOWN,0.79,UP,0,0
806,NVDA,DOWN,0.82,DOWN,0.82,UP,0,0
807,NVDA,DOWN,0.82,DOWN,0.82,DOWN,1,1
808,NVDA,DOWN,0.82,DOWN,0.82,DOWN,1,1
809,NVDA,DOWN,0.79,DOWN,0.79,HOLD,0,0
810,NVDA,DOWN,0.82,DOWN,0.82,UP,0,0
811,NVDA,DOWN,0.79,DOWN,0.79,UP,0,0
812,NVDA,DOWN,0.82,DOWN,0.82,UP,0,0
813,NVDA,DOWN,0.74,DOWN,0.74,UP,0,0
814,NVDA,DOWN,0.77,DOWN,0.77,DOWN,1,1
815,NVDA,DOWN,0.74,DOWN,0.74,HOLD,0,0
816,NVDA,DOWN,0.77,DOWN,0.77,HOLD,0,0
817,NVDA,DOWN,0.77,DOWN,0.77,DOWN,1,1
818,NVDA,DOWN,0.79,DOWN,0.79,UP,0,0
819,NVDA,DOWN,0.79,DOWN,0.79,UP,0,0
820,NVDA,DOWN,0.77,DOWN,0.77,UP,0,0
821,NVDA,DOWN,0.77,DOWN,0.77,UP,0,0
822,NVDA,DOWN,0.74,DOWN,0.74,DOWN,1,1
823,NVDA,DOWN,0.77,DOWN,0.77,DOWN,1,1
824,NVDA,DOWN,0.77,DOWN,0.77,DOWN,1,1
825,NVDA,DOWN,0.77,DOWN,0.77,UP,0,0
826,NVDA,DOWN,0.74,DOWN,0.74,UP,0,0
827,NVDA,DOWN,0.77,DOWN,0.77,DOWN,1,1
828,NVDA,DOWN,0.77,DOWN,0.77,UP,0,0
829,NVDA,DOWN,0.74,DOWN,0.74,DOWN,1,1
830,NVDA,DOWN,0.77,DOWN,0.77,DOWN,1,1
831,NVDA,DOWN,0.82,DOWN,0.82,UP,0,0
832,NVDA,DOWN,0.79,DOWN,0.79,UP,0,0
833,NVDA,DOWN,0.74,DOWN,0.74,UP,0,0
834,NVDA,DOWN,0.77,DOWN,0.77,UP,0,0
835,NVDA,DOWN,0.74,DOWN,0.74,DOWN,1,1
836,NVDA,DOWN,0.77,DOWN,0.77,HOLD,0,0
837,NVDA,DOWN,0.77,DOWN,0.77,DOWN,1,1
838,NVDA,DOWN,0.77,DOWN,0.77,HOLD,0,0
839,NVDA,DOWN,0.74,DOWN,0.74,UP,0,0
840,NVDA,DOWN,0.74,DOWN,0.74,UP,0,0
841,NVDA,DOWN,0.77,DOWN,0.77,UP,0,0
842,NVDA,DOWN,0.74,DOWN,0.74,DOWN,1,1
843,NVDA,DOWN,0.74,DOWN,0.74,UP,0,0
844,NVDA,DOWN,0.77,DOWN,0.77,DOWN,1,1
845,NVDA,DOWN,0.77,DOWN,0.77,HOLD,0,0
846,NVDA,DOWN,0.77,DOWN,0.77,DOWN,1,1
847,NVDA,DOWN,0.82,DOWN,0.82,DOWN,1,1
848,NVDA,DOWN,0.79,DOWN,0.79,UP,0,0
849,NVDA,DOWN,0.82,DOWN,0.82,UP,0,0
850,NVDA,DOWN,0.79,DOWN,0.79,UP,0,0
851,NVDA,DOWN,0.77,DOWN,0.77,UP,0,0
852,NVDA,DOWN,0.74,DOWN,0.74,UP,0,0
853,NVDA,DOWN,0.74,DOWN,0.74,DOWN,1,1
854,NVDA,DOWN,0.77,DOWN,0.77,HOLD,0,0
855,NVDA,DOWN,0.74,DOWN,0.74,UP,0,0
856,NVDA,DOWN,0.77,DOWN,0.77,DOWN,1,1
857,NVDA,DOWN,0.74,DOWN,0.74,HOLD,0,0
858,NVDA,DOWN,0.77,DOWN,0.77,DOWN,1,1
859,NVDA,DOWN,0.82,DOWN,0.82,DOWN,1,1
860,NVDA,DOWN,0.79,DOWN,0.79,UP,0,0
861,NVDA,DOWN,0.82,DOWN,0.82,DOWN,1,1
862,NVDA,DOWN,0.79,DOWN,0.79,DOWN,1,1
863,NVDA,DOWN,0.82,DOWN,0.82,UP,0,0
864,NVDA,DOWN,0.74,DOWN,0.74,HOLD,0,0
865,NVDA,DOWN,0.77,DOWN,0.77,HOLD,0,0
866,NVDA,DOWN,0.74,DOWN,0.74,DOWN,1,1
867,NVDA,DOWN,0.77,DOWN,0.77,UP,0,0
868,NVDA,DOWN,0.74,DOWN,0.74,DOWN,1,1
869,NVDA,DOWN,0.82,DOWN,0.82,UP,0,0
870,NVDA,DOWN,0.82,DOWN,0.82,UP,0,0
871,NVDA,DOWN,0.74,DOWN,0.74,UP,0,0
872,NVDA,DOWN,0.77,DOWN,0.77,DOWN,1,1
873,NVDA,DOWN,0.74,DOWN,0.74,UP,0,0
874,NVDA,DOWN,0.77,DOWN,0.77,UP,0,0
875,NVDA,DOWN,0.74,DOWN,0.74,DOWN,1,1
876,NVDA,DOWN,0.77,DOWN,0.77,DOWN,1,1
877,NVDA,DOWN,0.79,DOWN,0.79,DOWN,1,1
878,NVDA,DOWN,0.79,DOWN,0.79,UP,0,0
879,NVDA,DOWN,0.82,DOWN,0.82,UP,0,0
880,NVDA,DOWN,0.82,DOWN,0.82,HOLD,0,0
881,NVDA,DOWN,0.79,DOWN,0.79,UP,0,0
882,NVDA,DOWN,0.74,DOWN,0.74,UP,0,0
883,NVDA,DOWN,0.77,DOWN,0.77,HOLD,0,0
884,NVDA,DOWN,0.77,DOWN,0.77,HOLD,0,0
885,NVDA,DOWN,0.77,DOWN,0.77,DOWN,1,1
886,NVDA,DOWN,0.79,DOWN,0.79,UP,0,0
887,NVDA,DOWN,0.82,DOWN,0.82,HOLD,0,0
888,NVDA,DOWN,0.79,DOWN,0.79,UP,0,0
889,NVDA,DOWN,0.82,DOWN,0.82,DOWN,1,1
890,NVDA,DOWN,0.79,DOWN,0.79,DOWN,1,1
891,NVDA,DOWN,0.79,DOWN,0.79,HOLD,0,0
892,NVDA,DOWN,0.82,DOWN,0.82,DOWN,1,1
893,NVDA,DOWN,0.79,DOWN,0.79,UP,0,0
894,NVDA,DOWN,0.79,DOWN,0.79,HOLD,0,0
895,NVDA,DOWN,0.82,DOWN,0.82,DOWN,1,1
896,NVDA,DOWN,0.77,DOWN,0.77,HOLD,0,0
897,NVDA,DOWN,0.77,DOWN,0.77,HOLD,0,0
898,NVDA,DOWN,0.74,DOWN,0.74,UP,0,0
899,NVDA,DOWN,0.74,DOWN,0.74,DOWN,1,1
900,NVDA,DOWN,0.74,DOWN,0.74,UP,0,0
901,NVDA,DOWN,0.74,DOWN,0.74,HOLD,0,0
902,NVDA,DOWN,0.74,DOWN,0.74,DOWN,1,1
903,NVDA,DOWN,0.77,DOWN,0.77,UP,0,0
904,NVDA,DOWN,0.82,DOWN,0.82,UP,0,0
905,NVDA,DOWN,0.74,DOWN,0.74,UP,0,0
906,NVDA,DOWN,0.74,DOWN,0.74,HOLD,0,0
907,NVDA,DOWN,0.77,DOWN,0.77,DOWN,1,1
908,NVDA,DOWN,0.77,DOWN,0.77,HOLD,0,0
909,NVDA,DOWN,0.77,DOWN,0.77,DOWN,1,1
910,NVDA,DOWN,0.79,DOWN,0.79,DOWN,1,1
911,NVDA,DOWN,0.82,DOWN,0.82,DOWN,1,1
912,NVDA,DOWN,0.79,DOWN,0.79,DOWN,1,1
913,NVDA,DOWN,0.79,DOWN,0.79,DOWN,1,1
914,NVDA,DOWN,0.82,DOWN,0.82,UP,0,0
915,NVDA,DOWN,0.79,DOWN,0.79,HOLD,0,0
916,NVDA,DOWN,0.82,DOWN,0.82,DOWN,1,1
917,NVDA,DOWN,0.79,DOWN,0.79,HOLD,0,0
918,NVDA,DOWN,0.82,DOWN,0.82,DOWN,1,1
919,NVDA,DOWN,0.82,DOWN,0.82,DOWN,1,1
920,NVDA,DOWN,0.82,DOWN,0.82,DOWN,1,1
921,NVDA,DOWN,0.79,DOWN,0.79,UP,0,0
922,NVDA,DOWN,0.79,DOWN,0.79,UP,0,0
923,NVDA,DOWN,0.82,DOWN,0.82,DOWN,1,1
924,NVDA,DOWN,0.82,DOWN,0.82,UP,0,0
925,NVDA,DOWN,0.74,DOWN,0.74,UP,0,0
926,NVDA,DOWN,0.77,DOWN,0.77,UP,0,0
927,NVDA,DOWN,0.77,DOWN,0.77,UP,0,0
928,NVDA,DOWN,0.74,DOWN,0.74,DOWN,1,1
929,NVDA,DOWN,0.74,DOWN,0.74,UP,0,0
930,NVDA,DOWN,0.77,DOWN,0.77,UP,0,0
931,NVDA,DOWN,0.74,DOWN,0.74,UP,0,0
932,NVDA,DOWN,0.74,DOWN,0.74,DOWN,1,1
933,NVDA,DOWN,0.77,DOWN,0.77,UP,0,0
934,NVDA,DOWN,0.77,DOWN,0.77,UP,0,0
935,NVDA,DOWN,0.74,DOWN,0.74,HOLD,0,0
936,NVDA,DOWN,0.74,DOWN,0.74,DOWN,1,1
937,NVDA,DOWN,0.82,DOWN,0.82,UP,0,0
938,NVDA,DOWN,0.77,DOWN,0.77,DOWN,1,1
939,NVDA,DOWN,0.79,DOWN,0.79,DOWN,1,1
940,NVDA,DOWN,0.82,DOWN,0.82,HOLD,0,0
941,NVDA,DOWN,0.82,DOWN,0.82,DOWN,1,1
942,NVDA,DOWN,0.82,DOWN,0.82,UP,0,0
943,NVDA,DOWN,0.79,DOWN,0.79,UP,0,0
944,NVDA,DOWN,0.82,DOWN,0.82,DOWN,1,1
945,NVDA,DOWN,0.82,DOWN,0.82,DOWN,1,1
946,NVDA,DOWN,0.79,DOWN,0.79,HOLD,0,0
947,NVDA,DOWN,0.82,DOWN,0.82,UP,0,0
948,NVDA,DOWN,0.82,DOWN,0.82,DOWN,1,1
949,NVDA,DOWN,0.79,DOWN,0.79,UP,0,0
950,NVDA,DOWN,0.77,DOWN,0.77,UP,0,0
951,NVDA,DOWN,0.77,DOWN,0.77,UP,0,0
952,NVDA,DOWN,0.74,DOWN,0.74,UP,0,0
953,NVDA,DOWN,0.77,DOWN,0.77,HOLD,0,0
954,NVDA,DOWN,0.77,DOWN,0.77,UP,0,0
955,NVDA,DOWN,0.74,DOWN,0.74,UP,0,0
956,NVDA,DOWN,0.74,DOWN,0.74,UP,0,0
957,NVDA,DOWN,0.77,DOWN,0.77,UP,0,0
958,NVDA,DOWN,0.77,DOWN,0.77,UP,0,0
959,NVDA,DOWN,0.74,DOWN,0.74,DOWN,1,1
960,NVDA,DOWN,0.74,DOWN,0.74,UP,0,0
961,NVDA,DOWN,0.77,DOWN,0.77,HOLD,0,0
962,NVDA,DOWN,0.77,DOWN,0.77,UP,0,0
963,NVDA,DOWN,0.74,DOWN,0.74,DOWN,1,1
964,NVDA,DOWN,0.74,DOWN,0.74,DOWN,1,1
965,NVDA,DOWN,0.79,DOWN,0.79,DOWN,1,1
966,NVDA,DOWN,0.82,DOWN,0.82,UP,0,0
967,NVDA,DOWN,0.79,DOWN,0.79,DOWN,1,1
968,NVDA,DOWN,0.79,DOWN,0.79,UP,0,0
969,NVDA,DOWN,0.82,DOWN,0.82,DOWN,1,1
970,NVDA,DOWN,0.79,DOWN,0.79,HOLD,0,0
971,NVDA,DOWN,0.82,DOWN,0.82,DOWN,1,1
972,NVDA,DOWN,0.79,DOWN,0.79,UP,0,0
973,NVDA,DOWN,0.82,DOWN,0.82,DOWN,1,1
974,NVDA,DOWN,0.79,DOWN,0.79,UP,0,0
975,NVDA,DOWN,0.82,DOWN,0.82,UP,0,0
976,NVDA,DOWN,0.74,DOWN,0.74,DOWN,1,1
977,NVDA,DOWN,0.74,DOWN,0.74,UP,0,0
978,NVDA,DOWN,0.77,DOWN,0.77,UP,0,0
979,NVDA,DOWN,0.74,DOWN,0.74,UP,0,0
980,NVDA,DOWN,0.77,DOWN,0.77,UP,0,0
981,NVDA,DOWN,0.74,DOWN,0.74,UP,0,0
982,NVDA,DOWN,0.77,DOWN,0.77,DOWN,1,1
983,NVDA,DOWN,0.74,DOWN,0.74,DOWN,1,1
984,NVDA,DOWN,0.77,DOWN,0.77,UP,0,0
985,NVDA,DOWN,0.77,DOWN,0.77,HOLD,0,0
986,NVDA,DOWN,0.82,DOWN,0.82,UP,0,0
987,NVDA,DOWN,0.82,DOWN,0.82,HOLD,0,0
988,NVDA,DOWN,0.82,DOWN,0.82,HOLD,0,0
989,NVDA,DOWN,0.74,DOWN,0.74,HOLD,0,0
990,NVDA,DOWN,0.74,DOWN,0.74,DOWN,1,1
991,NVDA,DOWN,0.79,DOWN,0.79,DOWN,1,1
992,NVDA,DOWN,0.82,DOWN,0.82,UP,0,0
993,NVDA,DOWN,0.82,DOWN,0.82,UP,0,0
994,NVDA,DOWN,0.79,DOWN,0.79,UP,0,0
995,NVDA,DOWN,0.74,DOWN,0.74,UP,0,0
996,NVDA,DOWN,0.74,DOWN,0.74,UP,0,0
997,NVDA,DOWN,0.77,DOWN,0.77,UP,0,0
998,NVDA,DOWN,0.74,DOWN,0.74,HOLD,0,0
999,NVDA,DOWN,0.77,DOWN,0.77,UP,0,0
1000,NVDA,DOWN,0.74,DOWN,0.74,DOWN,1,1
1001,NVDA,DOWN,0.74,DOWN,0.74,UP,0,0
1002,NVDA,DOWN,0.74,DOWN,0.74,UP,0,0
1003,NVDA,DOWN,0.74,DOWN,0.74,HOLD,0,0
1004,NVDA,DOWN,0.77,DOWN,0.77,HOLD,0,0
1005,NVDA,DOWN,0.77,DOWN,0.77,UP,0,0
1006,NVDA,DOWN,0.74,DOWN,0.74,HOLD,0,0
1007,NVDA,DOWN,0.77,DOWN,0.77,DOWN,1,1
1008,NVDA,DOWN,0.77,DOWN,0.77,UP,0,0
1009,NVDA,DOWN,0.77,DOWN,0.77,HOLD,0,0
1010,NVDA,DOWN,0.74,DOWN,0.74,DOWN,1,1
1011,NVDA,DOWN,0.74,DOWN,0.74,UP,0,0
1012,NVDA,DOWN,0.77,DOWN,0.77,UP,0,0
1013,NVDA,DOWN,0.74,DOWN,0.74,UP,0,0
1014,NVDA,DOWN,0.74,DOWN,0.74,DOWN,1,1
1015,NVDA,DOWN,0.74,DOWN,0.74,UP,0,0
1016,NVDA,DOWN,0.77,DOWN,0.77,DOWN,1,1
1017,NVDA,DOWN,0.77,DOWN,0.77,UP,0,0
1018,NVDA,DOWN,0.74,DOWN,0.74,HOLD,0,0
1019,NVDA,DOWN,0.74,DOWN,0.74,HOLD,0,0
1020,NVDA,DOWN,0.77,DOWN,0.77,UP,0,0
1021,NVDA,DOWN,0.77,DOWN,0.77,DOWN,1,1
1022,NVDA,DOWN,0.77,DOWN,0.77,HOLD,0,0
1023,NVDA,DOWN,0.74,DOWN,0.74,DOWN,1,1
1024,NVDA,DOWN,0.79,DOWN,0.79,DOWN,1,1
1025,NVDA,DOWN,0.82,DOWN,0.82,UP,0,0
1026,NVDA,DOWN,0.74,DOWN,0.74,HOLD,0,0
1027,NVDA,DOWN,0.77,DOWN,0.77,HOLD,0,0
1028,NVDA,DOWN,0.77,DOWN,0.77,HOLD,0,0
1029,NVDA,DOWN,0.77,DOWN,0.77,DOWN,1,1
1030,NVDA,DOWN,0.74,DOWN,0.74,UP,0,0
1031,NVDA,DOWN,0.74,DOWN,0.74,UP,0,0
1032,NVDA,DOWN,0.77,DOWN,0.77,UP,0,0
1033,NVDA,DOWN,0.74,DOWN,0.74,UP,0,0
1034,NVDA,DOWN,0.77,DOWN,0.77,UP,0,0
1035,NVDA,DOWN,0.74,DOWN,0.74,UP,0,0
1036,NVDA,DOWN,0.74,DOWN,0.74,DOWN,1,1
1037,NVDA,DOWN,0.74,DOWN,0.74,DOWN,1,1
1038,NVDA,DOWN,0.77,DOWN,0.77,UP,0,0
1039,NVDA,DOWN,0.77,DOWN,0.77,DOWN,1,1
1040,NVDA,DOWN,0.77,DOWN,0.77,DOWN,1,1
1041,NVDA,DOWN,0.82,DOWN,0.82,HOLD,0,0
1042,NVDA,DOWN,0.74,DOWN,0.74,UP,0,0
1043,NVDA,DOWN,0.74,DOWN,0.74,UP,0,0
1044,NVDA,DOWN,0.79,DOWN,0.79,UP,0,0
1045,NVDA,DOWN,0.82,DOWN,0.82,UP,0,0
1046,NVDA,DOWN,0.74,DOWN,0.74,UP,0,0
1047,NVDA,DOWN,0.74,DOWN,0.74,UP,0,0
1048,NVDA,DOWN,0.77,DOWN,0.77,DOWN,1,1
1049,NVDA,DOWN,0.77,DOWN,0.77,DOWN,1,1
1050,NVDA,DOWN,0.79,DOWN,0.79,HOLD,0,0
1051,NVDA,DOWN,0.82,DOWN,0.82,HOLD,0,0
1052,NVDA,DOWN,0.79,DOWN,0.79,DOWN,1,1
1053,NVDA,DOWN,0.82,DOWN,0.82,DOWN,1,1
1054,NVDA,DOWN,0.82,DOWN,0.82,DOWN,1,1
1055,NVDA,DOWN,0.79,DOWN,0.79,UP,0,0
1056,NVDA,DOWN,0.82,DOWN,0.82,DOWN,1,1
1057,NVDA,DOWN,0.82,DOWN,0.82,DOWN,1,1
1058,NVDA,DOWN,0.79,DOWN,0.79,UP,0,0
1059,NVDA,DOWN,0.82,DOWN,0.82,UP,0,0
1060,NVDA,DOWN,0.77,DOWN,0.77,DOWN,1,1
1061,NVDA,DOWN,0.77,DOWN,0.77,DOWN,1,1
1062,NVDA,DOWN,0.79,DOWN,0.79,UP,0,0
1063,NVDA,DOWN,0.77,DOWN,0.77,DOWN,1,1
1064,NVDA,DOWN,0.79,DOWN,0.79,UP,0,0
1065,NVDA,DOWN,0.82,DOWN,0.82,DOWN,1,1
1066,NVDA,DOWN,0.79,DOWN,0.79,UP,0,0
1067,NVDA,DOWN,0.82,DOWN,0.82,UP,0,0
1068,NVDA,DOWN,0.82,DOWN,0.82,DOWN,1,1
1069,NVDA,DOWN,0.79,DOWN,0.79,UP,0,0
1070,NVDA,DOWN,0.82,DOWN,0.82,UP,0,0
1071,NVDA,DOWN,0.74,DOWN,0.74,HOLD,0,0
1072,NVDA,DOWN,0.77,DOWN,0.77,DOWN,1,1
1073,NVDA,DOWN,0.77,DOWN,0.77,DOWN,1,1
1074,NVDA,DOWN,0.74,DOWN,0.74,UP,0,0
1075,NVDA,DOWN,0.77,DOWN,0.77,UP,0,0
1076,NVDA,DOWN,0.74,DOWN,0.74,UP,0,0
1077,NVDA,DOWN,0.77,DOWN,0.77,DOWN,1,1
1078,NVDA,DOWN,0.74,DOWN,0.74,HOLD,0,0
1079,NVDA,DOWN,0.77,DOWN,0.77,DOWN,1,1
1080,NVDA,DOWN,0.74,DOWN,0.74,UP,0,0
1081,NVDA,DOWN,0.77,DOWN,0.77,UP,0,0
1082,NVDA,DOWN,0.82,DOWN,0.82,UP,0,0
1083,NVDA,DOWN,0.74,DOWN,0.74,UP,0,0
1084,NVDA,DOWN,0.74,DOWN,0.74,HOLD,0,0
1085,NVDA,DOWN,0.77,DOWN,0.77,DOWN,1,1
1086,NVDA,DOWN,0.74,DOWN,0.74,UP,0,0
1087,NVDA,DOWN,0.77,DOWN,0.77,UP,0,0
1088,NVDA,DOWN,0.74,DOWN,0.74,HOLD,0,0
1089,NVDA,DOWN,0.74,DOWN,0.74,UP,0,0
1090,NVDA,DOWN,0.74,DOWN,0.74,UP,0,0
1091,NVDA,DOWN,0.77,DOWN,0.77,UP,0,0
1092,NVDA,DOWN,0.74,DOWN,0.74,UP,0,0
1093,NVDA,DOWN,0.77,DOWN,0.77,DOWN,1,1
1094,NVDA,DOWN,0.77,DOWN,0.77,DOWN,1,1
1095,NVDA,DOWN,0.74,DOWN,0.74,UP,0,0
1096,NVDA,DOWN,0.77,DOWN,0.77,UP,0,0
1097,NVDA,DOWN,0.77,DOWN,0.77,UP,0,0
1098,NVDA,DOWN,0.74,DOWN,0.74,DOWN,1,1
1099,NVDA,DOWN,0.74,DOWN,0.74,HOLD,0,0
1100,NVDA,DOWN,0.77,DOWN,0.77,UP,0,0
1101,NVDA,DOWN,0.77,DOWN,0.77,DOWN,1,1
1102,NVDA,DOWN,0.77,DOWN,0.77,UP,0,0
1103,NVDA,DOWN,0.74,DOWN,0.74,UP,0,0
1104,NVDA,DOWN,0.77,DOWN,0.77,UP,0,0
1105,NVDA,DOWN,0.74,DOWN,0.74,DOWN,1,1
1106,NVDA,DOWN,0.77,DOWN,0.77,UP,0,0
1107,NVDA,DOWN,0.74,DOWN,0.74,DOWN,1,1
1108,NVDA,DOWN,0.74,DOWN,0.74,DOWN,1,1
1109,NVDA,DOWN,0.79,DOWN,0.79,DOWN,1,1
1110,NVDA,DOWN,0.82,DOWN,0.82,UP,0,0
1111,NVDA,DOWN,0.82,DOWN,0.82,HOLD,0,0
1112,NVDA,DOWN,0.82,DOWN,0.82,DOWN,1,1
1113,NVDA,DOWN,0.82,DOWN,0.82,HOLD,0,0
1114,NVDA,DOWN,0.79,DOWN,0.79,UP,0,0
1115,NVDA,DOWN,0.77,DOWN,0.77,DOWN,1,1
1116,NVDA,DOWN,0.82,DOWN,0.82,UP,0,0
1117,NVDA,DOWN,0.77,DOWN,0.77,DOWN,1,1
1118,NVDA,DOWN,0.77,DOWN,0.77,UP,0,0
1119,NVDA,DOWN,0.74,DOWN,0.74,UP,0,0
1120,NVDA,DOWN,0.74,DOWN,0.74,UP,0,0
1121,NVDA,DOWN,0.77,DOWN,0.77,DOWN,1,1
1122,NVDA,DOWN,0.79,DOWN,0.79,UP,0,0
1123,NVDA,DOWN,0.77,DOWN,0.77,DOWN,1,1
1124,NVDA,DOWN,0.77,DOWN,0.77,DOWN,1,1
1125,NVDA,DOWN,0.79,DOWN,0.79,DOWN,1,1
1126,NVDA,DOWN,0.79,DOWN,0.79,UP,0,0
1127,NVDA,DOWN,0.82,DOWN,0.82,DOWN,1,1
1128,NVDA,DOWN,0.82,DOWN,0.82,UP,0,0
1129,NVDA,DOWN,0.79,DOWN,0.79,DOWN,1,1
1130,NVDA,DOWN,0.82,DOWN,0.82,DOWN,1,1
1131,NVDA,DOWN,0.79,DOWN,0.79,DOWN,1,1
1132,NVDA,DOWN,0.79,DOWN,0.79,UP,0,0
1133,NVDA,DOWN,0.82,DOWN,0.82,DOWN,1,1
1134,NVDA,DOWN,0.82,DOWN,0.82,DOWN,1,1
1135,NVDA,DOWN,0.79,DOWN,0.79,UP,0,0
1136,NVDA,DOWN,0.77,DOWN,0.77,DOWN,1,1
1137,NVDA,DOWN,0.79,DOWN,0.79,DOWN,1,1
1138,NVDA,DOWN,0.82,DOWN,0.82,DOWN,1,1
1139,NVDA,DOWN,0.79,DOWN,0.79,UP,0,0
1140,NVDA,DOWN,0.77,DOWN,0.77,DOWN,1,1
1141,NVDA,DOWN,0.79,DOWN,0.79,UP,0,0
1142,NVDA,DOWN,0.82,DOWN,0.82,HOLD,0,0
1143,NVDA,DOWN,0.82,DOWN,0.82,UP,0,0
1144,NVDA,DOWN,0.74,DOWN,0.74,UP,0,0
1145,NVDA,DOWN,0.77,DOWN,0.77,UP,0,0
1146,NVDA,DOWN,0.74,DOWN,0.74,UP,0,0
1147,NVDA,DOWN,0.77,DOWN,0.77,UP,0,0
1148,NVDA,DOWN,0.77,DOWN,0.77,UP,0,0
1149,NVDA,DOWN,0.74,DOWN,0.74,DOWN,1,1
1150,NVDA,DOWN,0.77,DOWN,0.77,UP,0,0
1151,NVDA,DOWN,0.77,DOWN,0.77,DOWN,1,1
1152,NVDA,DOWN,0.74,DOWN,0.74,UP,0,0
1153,NVDA,DOWN,0.77,DOWN,0.77,DOWN,1,1
1154,NVDA,DOWN,0.79,DOWN,0.79,UP,0,0
1155,NVDA,DOWN,0.77,DOWN,0.77,DOWN,1,1
1156,NVDA,DOWN,0.79,DOWN,0.79,DOWN,1,1
1157,NVDA,DOWN,0.79,DOWN,0.79,UP,0,0
1158,NVDA,DOWN,0.82,DOWN,0.82,DOWN,1,1
1159,NVDA,DOWN,0.79,DOWN,0.79,DOWN,1,1
1160,NVDA,DOWN,0.82,DOWN,0.82,UP,0,0
1161,NVDA,DOWN,0.82,DOWN,0.82,DOWN,1,1
1162,NVDA,DOWN,0.79,DOWN,0.79,UP,0,0
1163,NVDA,DOWN,0.82,DOWN,0.82,UP,0,0
1164,NVDA,DOWN,0.77,DOWN,0.77,UP,0,0
1165,NVDA,DOWN,0.74,DOWN,0.74,UP,0,0
1166,NVDA,DOWN,0.77,DOWN,0.77,HOLD,0,0
1167,NVDA,DOWN,0.77,DOWN,0.77,DOWN,1,1
1168,NVDA,DOWN,0.74,DOWN,0.74,DOWN,1,1
1169,NVDA,DOWN,0.77,DOWN,0.77,DOWN,1,1
1170,NVDA,DOWN,0.79,DOWN,0.79,UP,0,0
1171,NVDA,DOWN,0.82,DOWN,0.82,DOWN,1,1
1172,NVDA,DOWN,0.79,DOWN,0.79,HOLD,0,0
1173,NVDA,DOWN,0.82,DOWN,0.82,UP,0,0
1174,NVDA,DOWN,0.74,DOWN,0.74,UP,0,0
1175,NVDA,DOWN,0.77,DOWN,0.77,HOLD,0,0
1176,NVDA,DOWN,0.74,DOWN,0.74,DOWN,1,1
1177,NVDA,DOWN,0.77,DOWN,0.77,HOLD,0,0
1178,NVDA,DOWN,0.77,DOWN,0.77,DOWN,1,1
1179,NVDA,DOWN,0.79,DOWN,0.79,UP,0,0
1180,NVDA,DOWN,0.82,DOWN,0.82,UP,0,0
1181,NVDA,DOWN,0.79,DOWN,0.79,UP,0,0
1182,NVDA,DOWN,0.77,DOWN,0.77,UP,0,0
1183,NVDA,DOWN,0.74,DOWN,0.74,UP,0,0
1184,NVDA,DOWN,0.77,DOWN,0.77,HOLD,0,0
1185,NVDA,DOWN,0.77,DOWN,0.77,UP,0,0
1186,NVDA,DOWN,0.77,DOWN,0.77,HOLD,0,0
1187,NVDA,DOWN,0.77,DOWN,0.77,UP,0,0
1188,NVDA,DOWN,0.74,DOWN,0.74,DOWN,1,1
1189,NVDA,DOWN,0.79,DOWN,0.79,UP,0,0
1190,NVDA,DOWN,0.77,DOWN,0.77,UP,0,0
1191,NVDA,DOWN,0.74,DOWN,0.74,UP,0,0
1192,NVDA,DOWN,0.77,DOWN,0.77,UP,0,0
1193,NVDA,DOWN,0.74,DOWN,0.74,HOLD,0,0
1194,NVDA,DOWN,0.77,DOWN,0.77,DOWN,1,1
1195,NVDA,DOWN,0.74,DOWN,0.74,UP,0,0
1196,NVDA,DOWN,0.77,DOWN,0.77,UP,0,0
1197,NVDA,DOWN,0.74,DOWN,0.74,DOWN,1,1
1198,NVDA,DOWN,0.82,DOWN,0.82,UP,0,0
1199,NVDA,DOWN,0.82,DOWN,0.82,DOWN,1,1
1200,NVDA,DOWN,0.79,DOWN,0.79,DOWN,1,1
1201,NVDA,DOWN,0.79,DOWN,0.79,UP,0,0
1202,NVDA,DOWN,0.82,DOWN,0.82,HOLD,0,0
1203,NVDA,DOWN,0.82,DOWN,0.82,UP,0,0
1204,NVDA,DOWN,0.82,DOWN,0.82,UP,0,0
1205,NVDA,DOWN,0.74,DOWN,0.74,UP,0,0
1206,NVDA,DOWN,0.77,DOWN,0.77,DOWN,1,1
1207,NVDA,DOWN,0.77,DOWN,0.77,DOWN,1,1
1208,NVDA,DOWN,0.74,DOWN,0.74,UP,0,0
1209,NVDA,DOWN,0.74,DOWN,0.74,DOWN,1,1
1210,NVDA,DOWN,0.77,DOWN,0.77,HOLD,0,0
1211,NVDA,DOWN,0.79,DOWN,0.79,DOWN,1,1
1212,NVDA,DOWN,0.79,DOWN,0.79,DOWN,1,1
1213,NVDA,DOWN,0.82,DOWN,0.82,UP,0,0
1214,NVDA,DOWN,0.79,DOWN,0.79,DOWN,1,1
1215,NVDA,DOWN,0.79,DOWN,0.79,UP,0,0
1216,NVDA,DOWN,0.79,DOWN,0.79,DOWN,1,1
1217,NVDA,DOWN,0.82,DOWN,0.82,DOWN,1,1
1218,NVDA,DOWN,0.79,DOWN,0.79,UP,0,0
1219,NVDA,DOWN,0.82,DOWN,0.82,DOWN,1,1
1220,NVDA,DOWN,0.79,DOWN,0.79,UP,0,0
1221,NVDA,DOWN,0.82,DOWN,0.82,HOLD,0,0
1222,NVDA,DOWN,0.79,DOWN,0.79,UP,0,0
1223,NVDA,DOWN,0.77,DOWN,0.77,UP,0,0
1224,NVDA,DOWN,0.74,DOWN,0.74,HOLD,0,0
1225,NVDA,DOWN,0.77,DOWN,0.77,DOWN,1,1
1226,NVDA,DOWN,0.74,DOWN,0.74,DOWN,1,1
1227,NVDA,DOWN,0.74,DOWN,0.74,DOWN,1,1
1228,NVDA,DOWN,0.79,DOWN,0.79,UP,0,0
1229,NVDA,DOWN,0.82,DOWN,0.82,DOWN,1,1
1230,NVDA,DOWN,0.82,DOWN,0.82,DOWN,1,1
1231,NVDA,DOWN,0.79,DOWN,0.79,DOWN,1,1
1232,NVDA,DOWN,0.79,DOWN,0.79,DOWN,1,1
1233,NVDA,DOWN,0.79,DOWN,0.79,DOWN,1,1
1234,NVDA,DOWN,0.79,DOWN,0.79,UP,0,0
1235,NVDA,DOWN,0.82,DOWN,0.82,UP,0,0
1236,NVDA,DOWN,0.74,DOWN,0.74,UP,0,0
1237,NVDA,DOWN,0.77,DOWN,0.77,HOLD,0,0
1238,NVDA,DOWN,0.77,DOWN,0.77,HOLD,0,0
1239,NVDA,DOWN,0.74,DOWN,0.74,DOWN,1,1
1240,NVDA,DOWN,0.74,DOWN,0.74,HOLD,0,0
1241,NVDA,DOWN,0.77,DOWN,0.77,DOWN,1,1
1242,NVDA,DOWN,0.82,DOWN,0.82,UP,0,0
1243,NVDA,DOWN,0.79,DOWN,0.79,UP,0,0
1244,NVDA,DOWN,0.74,DOWN,0.74,UP,0,0
1245,NVDA,DOWN,0.74,DOWN,0.74,DOWN,1,1
1246,NVDA,DOWN,0.74,DOWN,0.74,HOLD,0,0
1247,NVDA,DOWN,0.77,DOWN,0.77,DOWN,1,1
1248,NVDA,DOWN,0.82,DOWN,0.82,DOWN,1,1
1249,NVDA,DOWN,0.82,DOWN,0.82,DOWN,1,1
1250,NVDA,DOWN,0.82,DOWN,0.82,UP,0,0
1251,NVDA,DOWN,0.82,DOWN,0.82,DOWN,1,1
1252,NVDA,DOWN,0.79,DOWN,0.79,UP,0,0
1253,NVDA,DOWN,0.77,DOWN,0.77,UP,0,0
1254,NVDA,DOWN,0.77,DOWN,0.77,UP,0,0
1255,NVDA,DOWN,0.74,DOWN,0.74,HOLD,0,0
1256,NVDA,DOWN,0.77,DOWN,0.77,DOWN,1,1
1257,NVDA,DOWN,0.74,DOWN,0.74,DOWN,1,1
1258,NVDA,DOWN,0.79,DOWN,0.79,UP,0,0
1259,NVDA,DOWN,0.82,DOWN,0.82,DOWN,1,1
1260,NVDA,DOWN,0.82,DOWN,0.82,UP,0,0
1261,NVDA,DOWN,0.82,DOWN,0.82,DOWN,1,1
1262,NVDA,DOWN,0.82,DOWN,0.82,DOWN,1,1
1263,NVDA,DOWN,0.82,DOWN,0.82,UP,0,0
1264,NVDA,DOWN,0.82,DOWN,0.82,UP,0,0
1265,NVDA,DOWN,0.74,DOWN,0.74,UP,0,0
1266,NVDA,DOWN,0.77,DOWN,0.77,UP,0,0
1267,NVDA,DOWN,0.77,DOWN,0.77,UP,0,0
1268,NVDA,DOWN,0.77,DOWN,0.77,DOWN,1,1
1269,NVDA,DOWN,0.77,DOWN,0.77,DOWN,1,1
1270,NVDA,DOWN,0.77,DOWN,0.77,UP,0,0
1271,NVDA,DOWN,0.74,DOWN,0.74,UP,0,0
1272,NVDA,DOWN,0.77,DOWN,0.77,HOLD,0,0
1273,NVDA,DOWN,0.74,DOWN,0.74,HOLD,0,0
1274,NVDA,DOWN,0.77,DOWN,0.77,UP,0,0
1275,NVDA,DOWN,0.77,DOWN,0.77,DOWN,1,1
1276,NVDA,DOWN,0.79,DOWN,0.79,DOWN,1,1
1277,NVDA,DOWN,0.79,DOWN,0.79,DOWN,1,1
1278,NVDA,DOWN,0.79,DOWN,0.79,UP,0,0
1279,NVDA,DOWN,0.79,DOWN,0.79,DOWN,1,1
1280,NVDA,DOWN,0.79,DOWN,0.79,UP,0,0
1281,NVDA,DOWN,0.82,DOWN,0.82,DOWN,1,1
1282,NVDA,DOWN,0.79,DOWN,0.79,UP,0,0
1283,NVDA,DOWN,0.82,DOWN,0.82,UP,0,0
1284,NVDA,DOWN,0.82,DOWN,0.82,DOWN,1,1
1285,NVDA,DOWN,0.79,DOWN,0.79,UP,0,0
1286,NVDA,DOWN,0.79,DOWN,0.79,DOWN,1,1
1287,NVDA,DOWN,0.79,DOWN,0.79,UP,0,0
1288,NVDA,DOWN,0.82,DOWN,0.82,UP,0,0
1289,NVDA,DOWN,0.82,DOWN,0.82,HOLD,0,0
1290,NVDA,DOWN,0.77,DOWN,0.77,UP,0,0
1291,NVDA,DOWN,0.77,DOWN,0.77,DOWN,1,1
1292,NVDA,DOWN,0.77,DOWN,0.77,DOWN,1,1
1293,NVDA,DOWN,0.74,DOWN,0.74,UP,0,0
1294,NVDA,DOWN,0.77,DOWN,0.77,UP,0,0
1295,NVDA,DOWN,0.77,DOWN,0.77,DOWN,1,1
1296,NVDA,DOWN,0.79,DOWN,0.79,UP,0,0
1297,NVDA,DOWN,0.77,DOWN,0.77,DOWN,1,1
1298,NVDA,DOWN,0.77,DOWN,0.77,DOWN,1,1
1299,NVDA,DOWN,0.79,DOWN,0.79,DOWN,1,1
1300,NVDA,DOWN,0.82,DOWN,0.82,DOWN,1,1
1301,NVDA,DOWN,0.82,DOWN,0.82,DOWN,1,1
1302,NVDA,DOWN,0.79,DOWN,0.79,UP,0,0
1303,NVDA,DOWN,0.82,DOWN,0.82,HOLD,0,0
1304,NVDA,DOWN,0.82,DOWN,0.82,DOWN,1,1
1305,NVDA,DOWN,0.79,DOWN,0.79,DOWN,1,1
1306,NVDA,DOWN,0.79,DOWN,0.79,UP,0,0
1307,NVDA,DOWN,0.79,DOWN,0.79,DOWN,1,1
1308,NVDA,DOWN,0.82,DOWN,0.82,UP,0,0
1309,NVDA,DOWN,0.74,DOWN,0.74,DOWN,1,1
1310,NVDA,DOWN,0.77,DOWN,0.77,UP,0,0
1311,NVDA,DOWN,0.77,DOWN,0.77,HOLD,0,0
1312,NVDA,DOWN,0.77,DOWN,0.77,UP,0,0
1313,NVDA,DOWN,0.77,DOWN,0.77,DOWN,1,1
1314,NVDA,DOWN,0.79,DOWN,0.79,DOWN,1,1
1315,NVDA,DOWN,0.82,DOWN,0.82,DOWN,1,1
1316,NVDA,DOWN,0.82,DOWN,0.82,UP,0,0
1317,NVDA,DOWN,0.82,DOWN,0.82,UP,0,0
1318,NVDA,DOWN,0.79,DOWN,0.79,UP,0,0
1319,NVDA,DOWN,0.77,DOWN,0.77,UP,0,0
1320,NVDA,DOWN,0.74,DOWN,0.74,DOWN,1,1
1321,NVDA,DOWN,0.77,DOWN,0.77,HOLD,0,0
1322,NVDA,DOWN,0.77,DOWN,0.77,HOLD,0,0
1323,NVDA,DOWN,0.74,DOWN,0.74,UP,0,0
1324,NVDA,DOWN,0.74,DOWN,0.74,UP,0,0
1325,NVDA,DOWN,0.77,DOWN,0.77,DOWN,1,1
1326,NVDA,DOWN,0.77,DOWN,0.77,HOLD,0,0
1327,NVDA,DOWN,0.74,DOWN,0.74,UP,0,0
1328,NVDA,DOWN,0.74,DOWN,0.74,HOLD,0,0
1329,NVDA,DOWN,0.77,DOWN,0.77,DOWN,1,1
1330,NVDA,DOWN,0.77,DOWN,0.77,UP,0,0
1331,NVDA,DOWN,0.74,DOWN,0.74,UP,0,0
1332,NVDA,DOWN,0.74,DOWN,0.74,UP,0,0
1333,NVDA,DOWN,0.77,DOWN,0.77,HOLD,0,0
1334,NVDA,DOWN,0.77,DOWN,0.77,HOLD,0,0
1335,NVDA,DOWN,0.77,DOWN,0.77,HOLD,0,0
1336,NVDA,DOWN,0.77,DOWN,0.77,DOWN,1,1
1337,NVDA,DOWN,0.77,DOWN,0.77,DOWN,1,1
1338,NVDA,DOWN,0.79,DOWN,0.79,UP,0,0
1339,NVDA,DOWN,0.82,DOWN,0.82,DOWN,1,1
1340,NVDA,DOWN,0.79,DOWN,0.79,UP,0,0
1341,NVDA,DOWN,0.82,DOWN,0.82,DOWN,1,1
1342,NVDA,DOWN,0.74,DOWN,0.74,UP,0,0
1343,NVDA,DOWN,0.74,DOWN,0.74,DOWN,1,1
1344,NVDA,DOWN,0.77,DOWN,0.77,UP,0,0
1345,NVDA,DOWN,0.77,DOWN,0.77,UP,0,0
1346,NVDA,DOWN,0.74,DOWN,0.74,HOLD,0,0
1347,NVDA,DOWN,0.77,DOWN,0.77,DOWN,1,1
1348,NVDA,DOWN,0.74,DOWN,0.74,UP,0,0
1349,NVDA,DOWN,0.77,DOWN,0.77,UP,0,0
1350,NVDA,DOWN,0.74,DOWN,0.74,UP,0,0
1351,NVDA,DOWN,0.77,DOWN,0.77,DOWN,1,1
1352,NVDA,DOWN,0.74,DOWN,0.74,UP,0,0
1353,NVDA,DOWN,0.77,DOWN,0.77,DOWN,1,1
1354,NVDA,DOWN,0.74,DOWN,0.74,UP,0,0
1355,NVDA,DOWN,0.74,DOWN,0.74,HOLD,0,0
1356,NVDA,DOWN,0.77,DOWN,0.77,UP,0,0
1357,NVDA,DOWN,0.74,DOWN,0.74,DOWN,1,1
1358,NVDA,DOWN,0.79,DOWN,0.79,HOLD,0,0
1359,NVDA,DOWN,0.77,DOWN,0.77,UP,0,0
1360,NVDA,DOWN,0.74,DOWN,0.74,UP,0,0
1361,NVDA,DOWN,0.74,DOWN,0.74,HOLD,0,0
1362,NVDA,DOWN,0.77,DOWN,0.77,UP,0,0
1363,NVDA,DOWN,0.74,DOWN,0.74,HOLD,0,0
1364,NVDA,DOWN,0.77,DOWN,0.77,DOWN,1,1
1365,NVDA,DOWN,0.74,DOWN,0.74,UP,0,0
1366,NVDA,DOWN,0.77,DOWN,0.77,UP,0,0
1367,NVDA,DOWN,0.77,DOWN,0.77,DOWN,1,1
1368,NVDA,DOWN,0.77,DOWN,0.77,UP,0,0
1369,NVDA,DOWN,0.77,DOWN,0.77,UP,0,0
1370,NVDA,DOWN,0.74,DOWN,0.74,UP,0,0
1371,NVDA,DOWN,0.77,DOWN,0.77,HOLD,0,0
1372,NVDA,DOWN,0.74,DOWN,0.74,DOWN,1,1
1373,NVDA,DOWN,0.77,DOWN,0.77,UP,0,0
1374,NVDA,DOWN,0.74,DOWN,0.74,HOLD,0,0
1375,NVDA,DOWN,0.77,DOWN,0.77,UP,0,0
1376,NVDA,DOWN,0.74,DOWN,0.74,HOLD,0,0
1377,NVDA,DOWN,0.77,DOWN,0.77,DOWN,1,1
1378,NVDA,DOWN,0.77,DOWN,0.77,DOWN,1,1
1379,NVDA,DOWN,0.79,DOWN,0.79,UP,0,0
1380,NVDA,DOWN,0.82,DOWN,0.82,UP,0,0
1381,NVDA,DOWN,0.77,DOWN,0.77,HOLD,0,0
1382,NVDA,DOWN,0.77,DOWN,0.77,UP,0,0
1383,NVDA,DOWN,0.74,DOWN,0.74,DOWN,1,1
1384,NVDA,DOWN,0.74,DOWN,0.74,UP,0,0
1385,NVDA,DOWN,0.74,DOWN,0.74,DOWN,1,1
1386,NVDA,DOWN,0.74,DOWN,0.74,DOWN,1,1
1387,NVDA,DOWN,0.77,DOWN,0.77,UP,0,0
1388,NVDA,DOWN,0.77,DOWN,0.77,DOWN,1,1
1389,NVDA,DOWN,0.74,DOWN,0.74,UP,0,0
1390,NVDA,DOWN,0.77,DOWN,0.77,UP,0,0
1391,NVDA,DOWN,0.74,DOWN,0.74,UP,0,0
1392,NVDA,DOWN,0.77,DOWN,0.77,HOLD,0,0
1393,NVDA,DOWN,0.74,DOWN,0.74,UP,0,0
1394,NVDA,DOWN,0.74,DOWN,0.74,DOWN,1,1
1395,NVDA,DOWN,0.74,DOWN,0.74,HOLD,0,0
1396,NVDA,DOWN,0.77,DOWN,0.77,DOWN,1,1
1397,NVDA,DOWN,0.79,DOWN,0.79,UP,0,0
1398,NVDA,DOWN,0.82,DOWN,0.82,DOWN,1,1
1399,NVDA,DOWN,0.79,DOWN,0.79,HOLD,0,0
1400,NVDA,DOWN,0.79,DOWN,0.79,HOLD,0,0
1401,NVDA,DOWN,0.82,DOWN,0.82,UP,0,0
1402,NVDA,DOWN,0.79,DOWN,0.79,UP,0,0
1403,NVDA,DOWN,0.82,DOWN,0.82,UP,0,0
1404,NVDA,DOWN,0.74,DOWN,0.74,HOLD,0,0
1405,NVDA,DOWN,0.74,DOWN,0.74,DOWN,1,1
1406,NVDA,DOWN,0.74,DOWN,0.74,DOWN,1,1
1407,NVDA,DOWN,0.82,DOWN,0.82,DOWN,1,1
1408,NVDA,DOWN,0.82,DOWN,0.82,HOLD,0,0
1409,NVDA,DOWN,0.82,DOWN,0.82,UP,0,0
1410,NVDA,DOWN,0.82,DOWN,0.82,DOWN,1,1
1411,NVDA,DOWN,0.79,DOWN,0.79,UP,0,0
1412,NVDA,DOWN,0.82,DOWN,0.82,UP,0,0
1413,NVDA,DOWN,0.82,DOWN,0.82,UP,0,0
1414,NVDA,DOWN,0.74,DOWN,0.74,HOLD,0,0
1415,NVDA,DOWN,0.77,DOWN,0.77,HOLD,0,0
1416,NVDA,DOWN,0.77,DOWN,0.77,HOLD,0,0
1417,NVDA,DOWN,0.74,DOWN,0.74,DOWN,1,1
1418,NVDA,DOWN,0.77,DOWN,0.77,DOWN,1,1
1419,NVDA,DOWN,0.79,DOWN,0.79,UP,0,0
1420,NVDA,DOWN,0.82,DOWN,0.82,HOLD,0,0
1421,NVDA,DOWN,0.79,DOWN,0.79,UP,0,0
1422,NVDA,DOWN,0.74,DOWN,0.74,DOWN,1,1
1423,NVDA,DOWN,0.77,DOWN,0.77,DOWN,1,1
1424,NVDA,DOWN,0.77,DOWN,0.77,HOLD,0,0
1425,NVDA,DOWN,0.74,DOWN,0.74,HOLD,0,0
1426,NVDA,DOWN,0.77,DOWN,0.77,UP,0,0
1427,NVDA,DOWN,0.79,DOWN,0.79,UP,0,0
1428,NVDA,DOWN,0.74,DOWN,0.74,HOLD,0,0
1429,NVDA,DOWN,0.77,DOWN,0.77,UP,0,0
1430,NVDA,DOWN,0.77,DOWN,0.77,DOWN,1,1
1431,NVDA,DOWN,0.74,DOWN,0.74,DOWN,1,1
1432,NVDA,DOWN,0.74,DOWN,0.74,HOLD,0,0
1433,NVDA,DOWN,0.82,DOWN,0.82,UP,0,0
1434,NVDA,DOWN,0.77,DOWN,0.77,UP,0,0
1435,NVDA,DOWN,0.74,DOWN,0.74,DOWN,1,1
1436,NVDA,DOWN,0.79,DOWN,0.79,UP,0,0
1437,NVDA,DOWN,0.77,DOWN,0.77,DOWN,1,1
1438,NVDA,DOWN,0.79,DOWN,0.79,HOLD,0,0
1439,NVDA,DOWN,0.79,DOWN,0.79,UP,0,0
1440,NVDA,DOWN,0.82,DOWN,0.82,UP,0,0
1441,NVDA,DOWN,0.77,DOWN,0.77,HOLD,0,0
1442,NVDA,DOWN,0.82,DOWN,0.82,DOWN,1,1
1443,NVDA,DOWN,0.77,DOWN,0.77,HOLD,0,0
1444,NVDA,DOWN,0.74,DOWN,0.74,UP,0,0
1445,NVDA,DOWN,0.77,DOWN,0.77,UP,0,0
1446,NVDA,DOWN,0.74,DOWN,0.74,UP,0,0
1447,NVDA,DOWN,0.74,DOWN,0.74,UP,0,0
1448,NVDA,DOWN,0.74,DOWN,0.74,UP,0,0
1449,NVDA,DOWN,0.74,DOWN,0.74,DOWN,1,1
1450,NVDA,DOWN,0.77,DOWN,0.77,HOLD,0,0
1451,NVDA,DOWN,0.74,DOWN,0.74,UP,0,0
1452,NVDA,DOWN,0.74,DOWN,0.74,DOWN,1,1
1453,NVDA,DOWN,0.79,DOWN,0.79,DOWN,1,1
1454,NVDA,DOWN,0.82,DOWN,0.82,DOWN,1,1
1455,NVDA,DOWN,0.79,DOWN,0.79,HOLD,0,0
1456,NVDA,DOWN,0.79,DOWN,0.79,UP,0,0
1457,NVDA,DOWN,0.82,DOWN,0.82,DOWN,1,1
1458,NVDA,DOWN,0.82,DOWN,0.82,HOLD,0,0
1459,NVDA,DOWN,0.82,DOWN,0.82,DOWN,1,1
1460,NVDA,DOWN,0.79,DOWN,0.79,UP,0,0
1461,NVDA,DOWN,0.77,DOWN,0.77,DOWN,1,1
1462,NVDA,DOWN,0.82,DOWN,0.82,DOWN,1,1
1463,NVDA,DOWN,0.79,DOWN,0.79,UP,0,0
1464,NVDA,DOWN,0.79,DOWN,0.79,DOWN,1,1
1465,NVDA,DOWN,0.79,DOWN,0.79,DOWN,1,1
1466,NVDA,DOWN,0.79,DOWN,0.79,UP,0,0
1467,NVDA,DOWN,0.82,DOWN,0.82,DOWN,1,1
1468,NVDA,DOWN,0.79,DOWN,0.79,UP,0,0
1469,NVDA,DOWN,0.82,DOWN,0.82,DOWN,1,1
1470,NVDA,DOWN,0.82,DOWN,0.82,UP,0,0
1471,NVDA,DOWN,0.74,DOWN,0.74,UP,0,0
1472,NVDA,DOWN,0.82,DOWN,0.82,DOWN,1,1
1473,NVDA,DOWN,0.77,DOWN,0.77,UP,0,0
1474,NVDA,DOWN,0.74,DOWN,0.74,DOWN,1,1
1475,NVDA,DOWN,0.77,DOWN,0.77,UP,0,0
1476,NVDA,DOWN,0.74,DOWN,0.74,HOLD,0,0
1477,NVDA,DOWN,0.77,DOWN,0.77,DOWN,1,1
1478,NVDA,DOWN,0.74,DOWN,0.74,DOWN,1,1
1479,NVDA,DOWN,0.79,DOWN,0.79,DOWN,1,1
1480,NVDA,DOWN,0.79,DOWN,0.79,UP,0,0
1481,NVDA,DOWN,0.82,DOWN,0.82,UP,0,0
1482,NVDA,DOWN,0.82,DOWN,0.82,DOWN,1,1
1483,NVDA,DOWN,0.79,DOWN,0.79,UP,0,0
1484,NVDA,DOWN,0.82,DOWN,0.82,UP,0,0
1485,NVDA,DOWN,0.74,DOWN,0.74,UP,0,0
1486,NVDA,DOWN,0.77,DOWN,0.77,UP,0,0
1487,NVDA,DOWN,0.74,DOWN,0.74,HOLD,0,0
1488,NVDA,DOWN,0.77,DOWN,0.77,UP,0,0
1489,NVDA,DOWN,0.74,DOWN,0.74,DOWN,1,1
1490,NVDA,DOWN,0.77,DOWN,0.77,HOLD,0,0
1491,TSLA,UP,0.76,UP,0.76,UP,1,1
1492,TSLA,UP,0.82,UP,0.82,HOLD,0,0
1493,TSLA,UP,0.76,UP,0.76,DOWN,0,0
1494,TSLA,DOWN,0.71,DOWN,0.71,UP,0,0
1495,TSLA,DOWN,0.71,DOWN,0.71,DOWN,1,1
1496,TSLA,DOWN,0.71,DOWN,0.71,DOWN,1,1
1497,TSLA,UP,0.76,UP,0.76,UP,1,1
1498,TSLA,HOLD,0.5,HOLD,0.5,UP,0,0
1499,TSLA,HOLD,0.5,HOLD,0.5,HOLD,1,1
1500,TSLA,DOWN,0.74,DOWN,0.74,HOLD,0,0
1501,TSLA,HOLD,0.5,HOLD,0.5,UP,0,0
1502,TSLA,HOLD,0.5,HOLD,0.5,UP,0,0
1503,TSLA,HOLD,0.5,HOLD,0.5,DOWN,0,0
1504,TSLA,UP,0.76,UP,0.76,UP,1,1
1505,TSLA,UP,0.76,UP,0.76,UP,1,1
1506,TSLA,UP,0.79,UP,0.79,UP,1,1
1507,TSLA,UP,0.79,UP,0.79,UP,1,1
1508,TSLA,UP,0.79,UP,0.79,UP,1,1
1509,TSLA,UP,0.76,UP,0.76,UP,1,1
1510,TSLA,UP,0.76,UP,0.76,UP,1,1
1511,TSLA,UP,0.76,UP,0.76,UP,1,1
1512,TSLA,UP,0.79,UP,0.79,DOWN,0,0
1513,TSLA,UP,0.76,UP,0.76,DOWN,0,0
1514,TSLA,UP,0.71,UP,0.71,UP,1,1
1515,TSLA,UP,0.79,UP,0.79,UP,1,1
1516,TSLA,UP,0.76,UP,0.76,DOWN,0,0
1517,TSLA,UP,0.74,UP,0.74,UP,1,1
1518,TSLA,UP,0.76,UP,0.76,DOWN,0,0
1519,TSLA,UP,0.76,UP,0.76,UP,1,1
1520,TSLA,UP,0.74,UP,0.74,UP,1,1
1521,TSLA,UP,0.71,UP,0.71,DOWN,0,0
1522,TSLA,UP,0.71,UP,0.71,UP,1,1
1523,TSLA,UP,0.74,UP,0.74,DOWN,0,0
1524,TSLA,UP,0.76,UP,0.76,DOWN,0,0
1525,TSLA,UP,0.79,UP,0.79,DOWN,0,0
1526,TSLA,UP,0.74,UP,0.74,UP,1,1
1527,TSLA,UP,0.76,UP,0.76,DOWN,0,0
1528,TSLA,UP,0.71,UP,0.71,DOWN,0,0
1529,TSLA,UP,0.74,UP,0.74,DOWN,0,0
1530,TSLA,UP,0.74,UP,0.74,DOWN,0,0
1531,TSLA,UP,0.74,UP,0.74,HOLD,0,0
1532,TSLA,UP,0.74,UP,0.74,UP,1,1
1533,TSLA,UP,0.71,UP,0.71,UP,1,1
1534,TSLA,UP,0.71,UP,0.71,DOWN,0,0
1535,TSLA,UP,0.74,UP,0.74,UP,1,1
1536,TSLA,UP,0.76,UP,0.76,DOWN,0,0
1537,TSLA,UP,0.79,UP,0.79,UP,1,1
1538,TSLA,UP,0.76,UP,0.76,UP,1,1
1539,TSLA,UP,0.79,UP,0.79,DOWN,0,0
1540,TSLA,UP,0.76,UP,0.76,UP,1,1
1541,TSLA,UP,0.76,UP,0.76,DOWN,0,0
1542,TSLA,UP,0.76,UP,0.76,UP,1,1
1543,TSLA,UP,0.79,UP,0.79,DOWN,0,0
1544,TSLA,UP,0.71,UP,0.71,UP,1,1
1545,TSLA,UP,0.79,UP,0.79,UP,1,1
1546,TSLA,UP,0.76,UP,0.76,UP,1,1
1547,TSLA,UP,0.79,UP,0.79,DOWN,0,0
1548,TSLA,UP,0.76,UP,0.76,DOWN,0,0
1549,TSLA,UP,0.76,UP,0.76,DOWN,0,0
1550,TSLA,UP,0.74,UP,0.74,HOLD,0,0
1551,TSLA,UP,0.71,UP,0.71,HOLD,0,0
1552,TSLA,UP,0.74,UP,0.74,UP,1,1
1553,TSLA,UP,0.71,UP,0.71,DOWN,0,0
1554,TSLA,UP,0.74,UP,0.74,UP,1,1
1555,TSLA,UP,0.76,UP,0.76,HOLD,0,0
1556,TSLA,UP,0.71,UP,0.71,UP,1,1
1557,TSLA,UP,0.79,UP,0.79,DOWN,0,0
1558,TSLA,UP,0.71,UP,0.71,DOWN,0,0
1559,TSLA,UP,0.79,UP,0.79,DOWN,0,0
1560,TSLA,UP,0.74,UP,0.74,UP,1,1
1561,TSLA,UP,0.71,UP,0.71,DOWN,0,0
1562,TSLA,UP,0.74,UP,0.74,DOWN,0,0
1563,TSLA,UP,0.71,UP,0.71,DOWN,0,0
1564,TSLA,UP,0.74,UP,0.74,UP,1,1
1565,TSLA,UP,0.71,UP,0.71,UP,1,1
1566,TSLA,UP,0.71,UP,0.71,DOWN,0,0
1567,TSLA,UP,0.71,UP,0.71,DOWN,0,0
1568,TSLA,UP,0.74,UP,0.74,HOLD,0,0
1569,TSLA,UP,0.76,UP,0.76,HOLD,0,0
1570,TSLA,UP,0.76,UP,0.76,UP,1,1
1571,TSLA,UP,0.79,UP,0.79,UP,1,1
1572,TSLA,UP,0.79,UP,0.79,DOWN,0,0
1573,TSLA,UP,0.76,UP,0.76,HOLD,0,0
1574,TSLA,UP,0.79,UP,0.79,UP,1,1
1575,TSLA,UP,0.76,UP,0.76,DOWN,0,0
1576,TSLA,UP,0.74,UP,0.74,DOWN,0,0
1577,TSLA,UP,0.71,UP,0.71,HOLD,0,0
1578,TSLA,UP,0.71,UP,0.71,UP,1,1
1579,TSLA,UP,0.79,UP,0.79,UP,1,1
1580,TSLA,UP,0.76,UP,0.76,UP,1,1
1581,TSLA,UP,0.79,UP,0.79,UP,1,1
1582,TSLA,UP,0.76,UP,0.76,DOWN,0,0
1583,TSLA,UP,0.79,UP,0.79,DOWN,0,0
1584,TSLA,UP,0.76,UP,0.76,UP,1,1
1585,TSLA,UP,0.76,UP,0.76,UP,1,1
1586,TSLA,UP,0.79,UP,0.79,UP,1,1
1587,TSLA,UP,0.76,UP,0.76,UP,1,1
1588,TSLA,UP,0.79,UP,0.79,UP,1,1
1589,TSLA,UP,0.76,UP,0.76,UP,1,1
1590,TSLA,UP,0.79,UP,0.79,UP,1,1
1591,TSLA,UP,0.76,UP,0.76,UP,1,1
1592,TSLA,UP,0.76,UP,0.76,UP,1,1
1593,TSLA,UP,0.79,UP,0.79,UP,1,1
1594,TSLA,UP,0.76,UP,0.76,UP,1,1
1595,TSLA,UP,0.79,UP,0.79,UP,1,1
1596,TSLA,UP,0.76,UP,0.76,UP,1,1
1597,TSLA,UP,0.79,UP,0.79,DOWN,0,0
1598,TSLA,UP,0.79,UP,0.79,HOLD,0,0
1599,TSLA,UP,0.76,UP,0.76,UP,1,1
1600,TSLA,UP,0.79,UP,0.79,UP,1,1
1601,TSLA,UP,0.76,UP,0.76,DOWN,0,0
1602,TSLA,UP,0.79,UP,0.79,UP,1,1
1603,TSLA,UP,0.76,UP,0.76,DOWN,0,0
1604,TSLA,UP,0.79,UP,0.79,DOWN,0,0
1605,TSLA,UP,0.74,UP,0.74,UP,1,1
1606,TSLA,UP,0.71,UP,0.71,UP,1,1
1607,TSLA,UP,0.71,UP,0.71,HOLD,0,0
1608,TSLA,UP,0.71,UP,0.71,UP,1,1
1609,TSLA,UP,0.76,UP,0.76,UP,1,1
1610,TSLA,UP,0.79,UP,0.79,UP,1,1
1611,TSLA,UP,0.79,UP,0.79,DOWN,0,0
1612,TSLA,UP,0.76,UP,0.76,DOWN,0,0
1613,TSLA,UP,0.76,UP,0.76,DOWN,0,0
1614,TSLA,UP,0.79,UP,0.79,HOLD,0,0
1615,TSLA,UP,0.71,UP,0.71,UP,1,1
1616,TSLA,UP,0.74,UP,0.74,UP,1,1
1617,TSLA,UP,0.79,UP,0.79,UP,1,1
1618,TSLA,UP,0.79,UP,0.79,UP,1,1
1619,TSLA,UP,0.79,UP,0.79,UP,1,1
1620,TSLA,UP,0.76,UP,0.76,DOWN,0,0
1621,TSLA,UP,0.79,UP,0.79,DOWN,0,0
1622,TSLA,UP,0.74,UP,0.74,DOWN,0,0
1623,TSLA,UP,0.71,UP,0.71,UP,1,1
1624,TSLA,UP,0.71,UP,0.71,DOWN,0,0
1625,TSLA,UP,0.71,UP,0.71,HOLD,0,0
1626,TSLA,UP,0.71,UP,0.71,DOWN,0,0
1627,TSLA,UP,0.74,UP,0.74,UP,1,1
1628,TSLA,UP,0.79,UP,0.79,HOLD,0,0
1629,TSLA,UP,0.71,UP,0.71,DOWN,0,0
1630,TSLA,UP,0.71,UP,0.71,DOWN,0,0
1631,TSLA,UP,0.74,UP,0.74,UP,1,1
1632,TSLA,UP,0.76,UP,0.76,DOWN,0,0
1633,TSLA,UP,0.74,UP,0.74,DOWN,0,0
1634,TSLA,UP,0.74,UP,0.74,DOWN,0,0
1635,TSLA,UP,0.71,UP,0.71,DOWN,0,0
1636,TSLA,UP,0.74,UP,0.74,UP,1,1
1637,TSLA,UP,0.74,UP,0.74,DOWN,0,0
1638,TSLA,UP,0.71,UP,0.71,DOWN,0,0
1639,TSLA,UP,0.71,UP,0.71,DOWN,0,0
1640,TSLA,UP,0.71,UP,0.71,DOWN,0,0
1641,TSLA,UP,0.74,UP,0.74,DOWN,0,0
1642,TSLA,UP,0.74,UP,0.74,DOWN,0,0
1643,TSLA,UP,0.74,UP,0.74,UP,1,1
1644,TSLA,UP,0.71,UP,0.71,UP,1,1
1645,TSLA,UP,0.76,UP,0.76,UP,1,1
1646,TSLA,UP,0.76,UP,0.76,DOWN,0,0
1647,TSLA,UP,0.76,UP,0.76,UP,1,1
1648,TSLA,UP,0.79,UP,0.79,HOLD,0,0
1649,TSLA,UP,0.79,UP,0.79,UP,1,1
1650,TSLA,UP,0.79,UP,0.79,HOLD,0,0
1651,TSLA,UP,0.76,UP,0.76,HOLD,0,0
1652,TSLA,UP,0.76,UP,0.76,DOWN,0,0
1653,TSLA,UP,0.79,UP,0.79,UP,1,1
1654,TSLA,UP,0.76,UP,0.76,DOWN,0,0
1655,TSLA,UP,0.71,UP,0.71,HOLD,0,0
1656,TSLA,UP,0.71,UP,0.71,DOWN,0,0
1657,TSLA,UP,0.74,UP,0.74,UP,1,1
1658,TSLA,UP,0.79,UP,0.79,DOWN,0,0
1659,TSLA,UP,0.76,UP,0.76,UP,1,1
1660,TSLA,UP,0.76,UP,0.76,UP,1,1
1661,TSLA,UP,0.76,UP,0.76,DOWN,0,0
1662,TSLA,UP,0.79,UP,0.79,DOWN,0,0
1663,TSLA,UP,0.71,UP,0.71,HOLD,0,0
1664,TSLA,UP,0.74,UP,0.74,DOWN,0,0
1665,TSLA,UP,0.74,UP,0.74,DOWN,0,0
1666,TSLA,UP,0.71,UP,0.71,DOWN,0,0
1667,TSLA,UP,0.74,UP,0.74,UP,1,1
1668,TSLA,UP,0.71,UP,0.71,DOWN,0,0
1669,TSLA,UP,0.71,UP,0.71,DOWN,0,0
1670,TSLA,UP,0.74,UP,0.74,UP,1,1
1671,TSLA,UP,0.71,UP,0.71,UP,1,1
1672,TSLA,UP,0.79,UP,0.79,UP,1,1
1673,TSLA,UP,0.76,UP,0.76,DOWN,0,0
1674,TSLA,UP,0.76,UP,0.76,UP,1,1
1675,TSLA,UP,0.79,UP,0.79,HOLD,0,0
1676,TSLA,UP,0.76,UP,0.76,HOLD,0,0
1677,TSLA,UP,0.76,UP,0.76,HOLD,0,0
1678,TSLA,UP,0.76,UP,0.76,UP,1,1
1679,TSLA,UP,0.79,UP,0.79,HOLD,0,0
1680,TSLA,UP,0.76,UP,0.76,DOWN,0,0
1681,TSLA,UP,0.74,UP,0.74,DOWN,0,0
1682,TSLA,UP,0.71,UP,0.71,UP,1,1
1683,TSLA,UP,0.71,UP,0.71,HOLD,0,0
1684,TSLA,UP,0.74,UP,0.74,DOWN,0,0
1685,TSLA,UP,0.74,UP,0.74,DOWN,0,0
1686,TSLA,UP,0.74,UP,0.74,DOWN,0,0
1687,TSLA,UP,0.71,UP,0.71,HOLD,0,0
1688,TSLA,UP,0.74,UP,0.74,UP,1,1
1689,TSLA,UP,0.71,UP,0.71,DOWN,0,0
1690,TSLA,UP,0.71,UP,0.71,DOWN,0,0
1691,TSLA,UP,0.74,UP,0.74,UP,1,1
1692,TSLA,UP,0.71,UP,0.71,DOWN,0,0
1693,TSLA,UP,0.74,UP,0.74,UP,1,1
1694,TSLA,UP,0.71,UP,0.71,UP,1,1
1695,TSLA,UP,0.74,UP,0.74,UP,1,1
1696,TSLA,UP,0.79,UP,0.79,UP,1,1
1697,TSLA,UP,0.76,UP,0.76,HOLD,0,0
1698,TSLA,UP,0.76,UP,0.76,UP,1,1
1699,TSLA,UP,0.76,UP,0.76,HOLD,0,0
1700,TSLA,UP,0.76,UP,0.76,DOWN,0,0
1701,TSLA,UP,0.74,UP,0.74,UP,1,1
1702,TSLA,UP,0.71,UP,0.71,UP,1,1
1703,TSLA,UP,0.79,UP,0.79,UP,1,1
1704,TSLA,UP,0.79,UP,0.79,UP,1,1
1705,TSLA,UP,0.79,UP,0.79,DOWN,0,0
1706,TSLA,UP,0.76,UP,0.76,HOLD,0,0
1707,TSLA,UP,0.79,UP,0.79,UP,1,1
1708,TSLA,UP,0.76,UP,0.76,UP,1,1
1709,TSLA,UP,0.79,UP,0.79,DOWN,0,0
1710,TSLA,UP,0.71,UP,0.71,UP,1,1
1711,TSLA,UP,0.76,UP,0.76,HOLD,0,0
1712,TSLA,UP,0.79,UP,0.79,UP,1,1
1713,TSLA,UP,0.79,UP,0.79,DOWN,0,0
1714,TSLA,UP,0.76,UP,0.76,DOWN,0,0
1715,TSLA,UP,0.76,UP,0.76,DOWN,0,0
1716,TSLA,UP,0.76,UP,0.76,DOWN,0,0
1717,TSLA,UP,0.71,UP,0.71,UP,1,1
1718,TSLA,UP,0.74,UP,0.74,HOLD,0,0
1719,TSLA,UP,0.71,UP,0.71,UP,1,1
1720,TSLA,UP,0.76,UP,0.76,HOLD,0,0
1721,TSLA,UP,0.76,UP,0.76,DOWN,0,0
1722,TSLA,UP,0.76,UP,0.76,DOWN,0,0
1723,TSLA,UP,0.71,UP,0.71,UP,1,1
1724,TSLA,UP,0.74,UP,0.74,UP,1,1
1725,TSLA,UP,0.79,UP,0.79,UP,1,1
1726,TSLA,UP,0.76,UP,0.76,DOWN,0,0
1727,TSLA,UP,0.76,UP,0.76,UP,1,1
1728,TSLA,UP,0.76,UP,0.76,DOWN,0,0
1729,TSLA,UP,0.79,UP,0.79,UP,1,1
1730,TSLA,UP,0.76,UP,0.76,DOWN,0,0
1731,TSLA,UP,0.71,UP,0.71,UP,1,1
1732,TSLA,UP,0.76,UP,0.76,UP,1,1
1733,TSLA,UP,0.79,UP,0.79,DOWN,0,0
1734,TSLA,UP,0.79,UP,0.79,DOWN,0,0
1735,TSLA,UP,0.71,UP,0.71,HOLD,0,0
1736,TSLA,UP,0.74,UP,0.74,DOWN,0,0
1737,TSLA,UP,0.74,UP,0.74,HOLD,0,0
1738,TSLA,UP,0.71,UP,0.71,HOLD,0,0
1739,TSLA,UP,0.71,UP,0.71,UP,1,1
1740,TSLA,UP,0.71,UP,0.71,DOWN,0,0
1741,TSLA,UP,0.74,UP,0.74,HOLD,0,0
1742,TSLA,UP,0.71,UP,0.71,DOWN,0,0
1743,TSLA,UP,0.74,UP,0.74,DOWN,0,0
1744,TSLA,UP,0.74,UP,0.74,HOLD,0,0
1745,TSLA,UP,0.71,UP,0.71,DOWN,0,0
1746,TSLA,UP,0.71,UP,0.71,DOWN,0,0
1747,TSLA,UP,0.74,UP,0.74,HOLD,0,0
1748,TSLA,UP,0.71,UP,0.71,DOWN,0,0
1749,TSLA,UP,0.74,UP,0.74,HOLD,0,0
1750,TSLA,UP,0.71,UP,0.71,DOWN,0,0
1751,TSLA,UP,0.74,UP,0.74,DOWN,0,0
1752,TSLA,UP,0.74,UP,0.74,HOLD,0,0
1753,TSLA,UP,0.71,UP,0.71,UP,1,1
1754,TSLA,UP,0.74,UP,0.74,HOLD,0,0
1755,TSLA,UP,0.71,UP,0.71,DOWN,0,0
1756,TSLA,UP,0.71,UP,0.71,UP,1,1
1757,TSLA,UP,0.76,UP,0.76,DOWN,0,0
1758,TSLA,UP,0.79,UP,0.79,DOWN,0,0
1759,TSLA,UP,0.74,UP,0.74,UP,1,1
1760,TSLA,UP,0.71,UP,0.71,UP,1,1
1761,TSLA,UP,0.76,UP,0.76,UP,1,1
1762,TSLA,UP,0.76,UP,0.76,UP,1,1
1763,TSLA,UP,0.79,UP,0.79,DOWN,0,0
1764,TSLA,UP,0.79,UP,0.79,DOWN,0,0
1765,TSLA,UP,0.71,UP,0.71,UP,1,1
1766,TSLA,UP,0.76,UP,0.76,UP,1,1
1767,TSLA,UP,0.79,UP,0.79,HOLD,0,0
1768,TSLA,UP,0.76,UP,0.76,DOWN,0,0
1769,TSLA,UP,0.76,UP,0.76,UP,1,1
1770,TSLA,UP,0.76,UP,0.76,UP,1,1
1771,TSLA,UP,0.76,UP,0.76,DOWN,0,0
1772,TSLA,UP,0.71,UP,0.71,UP,1,1
1773,TSLA,UP,0.74,UP,0.74,HOLD,0,0
1774,TSLA,UP,0.76,UP,0.76,UP,1,1
1775,TSLA,UP,0.76,UP,0.76,HOLD,0,0
1776,TSLA,UP,0.76,UP,0.76,HOLD,0,0
1777,TSLA,UP,0.76,UP,0.76,DOWN,0,0
1778,TSLA,UP,0.74,UP,0.74,DOWN,0,0
1779,TSLA,UP,0.71,UP,0.71,DOWN,0,0
1780,TSLA,UP,0.71,UP,0.71,UP,1,1
1781,TSLA,UP,0.71,UP,0.71,DOWN,0,0
1782,TSLA,UP,0.71,UP,0.71,UP,1,1
1783,TSLA,UP,0.71,UP,0.71,HOLD,0,0
1784,TSLA,UP,0.74,UP,0.74,DOWN,0,0
1785,TSLA,UP,0.74,UP,0.74,DOWN,0,0
1786,TSLA,UP,0.74,UP,0.74,UP,1,1
1787,TSLA,UP,0.71,UP,0.71,UP,1,1
1788,TSLA,UP,0.74,UP,0.74,DOWN,0,0
1789,TSLA,UP,0.71,UP,0.71,UP,1,1
1790,TSLA,UP,0.79,UP,0.79,DOWN,0,0
1791,TSLA,UP,0.76,UP,0.76,DOWN,0,0
1792,TSLA,UP,0.79,UP,0.79,UP,1,1
1793,TSLA,UP,0.71,UP,0.71,UP,1,1
1794,TSLA,UP,0.79,UP,0.79,UP,1,1
1795,TSLA,UP,0.76,UP,0.76,DOWN,0,0
1796,TSLA,UP,0.76,UP,0.76,HOLD,0,0
1797,TSLA,UP,0.79,UP,0.79,DOWN,0,0
1798,TSLA,UP,0.74,UP,0.74,UP,1,1
1799,TSLA,UP,0.71,UP,0.71,UP,1,1
1800,TSLA,UP,0.74,UP,0.74,DOWN,0,0
1801,TSLA,UP,0.74,UP,0.74,UP,1,1
1802,TSLA,UP,0.71,UP,0.71,UP,1,1
1803,TSLA,UP,0.76,UP,0.76,DOWN,0,0
1804,TSLA,UP,0.76,UP,0.76,UP,1,1
1805,TSLA,UP,0.79,UP,0.79,DOWN,0,0
1806,TSLA,UP,0.76,UP,0.76,DOWN,0,0
1807,TSLA,UP,0.74,UP,0.74,DOWN,0,0
1808,TSLA,UP,0.71,UP,0.71,DOWN,0,0
1809,TSLA,UP,0.71,UP,0.71,DOWN,0,0
1810,TSLA,UP,0.74,UP,0.74,DOWN,0,0
1811,TSLA,UP,0.71,UP,0.71,DOWN,0,0
1812,TSLA,UP,0.74,UP,0.74,UP,1,1
1813,TSLA,UP,0.74,UP,0.74,UP,1,1
1814,TSLA,UP,0.79,UP,0.79,UP,1,1
1815,TSLA,UP,0.76,UP,0.76,DOWN,0,0
1816,TSLA,UP,0.76,UP,0.76,UP,1,1
1817,TSLA,UP,0.79,UP,0.79,DOWN,0,0
1818,TSLA,UP,0.76,UP,0.76,DOWN,0,0
1819,TSLA,UP,0.76,UP,0.76,HOLD,0,0
1820,TSLA,UP,0.76,UP,0.76,UP,1,1
1821,TSLA,UP,0.76,UP,0.76,UP,1,1
1822,TSLA,UP,0.74,UP,0.74,DOWN,0,0
1823,TSLA,UP,0.71,UP,0.71,DOWN,0,0
1824,TSLA,UP,0.74,UP,0.74,DOWN,0,0
1825,TSLA,UP,0.71,UP,0.71,DOWN,0,0
1826,TSLA,UP,0.74,UP,0.74,UP,1,1
1827,TSLA,UP,0.71,UP,0.71,UP,1,1
1828,TSLA,UP,0.74,UP,0.74,DOWN,0,0
1829,TSLA,UP,0.71,UP,0.71,HOLD,0,0
1830,TSLA,UP,0.76,UP,0.76,UP,1,1
1831,TSLA,UP,0.79,UP,0.79,DOWN,0,0
1832,TSLA,UP,0.76,UP,0.76,UP,1,1
1833,TSLA,UP,0.79,UP,0.79,DOWN,0,0
1834,TSLA,UP,0.76,UP,0.76,DOWN,0,0
1835,TSLA,UP,0.71,UP,0.71,UP,1,1
1836,TSLA,UP,0.76,UP,0.76,DOWN,0,0
1837,TSLA,UP,0.76,UP,0.76,HOLD,0,0
1838,TSLA,UP,0.71,UP,0.71,UP,1,1
1839,TSLA,UP,0.74,UP,0.74,HOLD,0,0
1840,TSLA,UP,0.76,UP,0.76,DOWN,0,0
1841,TSLA,UP,0.74,UP,0.74,DOWN,0,0
1842,TSLA,UP,0.71,UP,0.71,HOLD,0,0
1843,TSLA,UP,0.71,UP,0.71,UP,1,1
1844,TSLA,UP,0.74,UP,0.74,HOLD,0,0
1845,TSLA,UP,0.71,UP,0.71,DOWN,0,0
1846,TSLA,UP,0.71,UP,0.71,DOWN,0,0
1847,TSLA,UP,0.74,UP,0.74,UP,1,1
1848,TSLA,UP,0.79,UP,0.79,UP,1,1
1849,TSLA,UP,0.79,UP,0.79,DOWN,0,0
1850,TSLA,UP,0.76,UP,0.76,UP,1,1
1851,TSLA,UP,0.79,UP,0.79,DOWN,0,0
1852,TSLA,UP,0.76,UP,0.76,DOWN,0,0
1853,TSLA,UP,0.76,UP,0.76,UP,1,1
1854,TSLA,UP,0.79,UP,0.79,HOLD,0,0
1855,TSLA,UP,0.79,UP,0.79,UP,1,1
1856,TSLA,UP,0.74,UP,0.74,UP,1,1
1857,TSLA,UP,0.79,UP,0.79,UP,1,1
1858,TSLA,UP,0.76,UP,0.76,HOLD,0,0
1859,TSLA,UP,0.79,UP,0.79,UP,1,1
1860,TSLA,UP,0.79,UP,0.79,UP,1,1
1861,TSLA,UP,0.79,UP,0.79,UP,1,1
1862,TSLA,UP,0.76,UP,0.76,UP,1,1
1863,TSLA,UP,0.76,UP,0.76,UP,1,1
1864,TSLA,UP,0.79,UP,0.79,UP,1,1
1865,TSLA,UP,0.79,UP,0.79,HOLD,0,0
1866,TSLA,UP,0.76,UP,0.76,DOWN,0,0
1867,TSLA,UP,0.74,UP,0.74,UP,1,1
1868,TSLA,UP,0.71,UP,0.71,UP,1,1
1869,TSLA,UP,0.71,UP,0.71,UP,1,1
1870,TSLA,UP,0.71,UP,0.71,DOWN,0,0
1871,TSLA,UP,0.71,UP,0.71,HOLD,0,0
1872,TSLA,UP,0.76,UP,0.76,DOWN,0,0
1873,TSLA,UP,0.71,UP,0.71,UP,1,1
1874,TSLA,UP,0.74,UP,0.74,DOWN,0,0
1875,TSLA,UP,0.74,UP,0.74,DOWN,0,0
1876,TSLA,UP,0.74,UP,0.74,UP,1,1
1877,TSLA,UP,0.71,UP,0.71,HOLD,0,0
1878,TSLA,UP,0.71,UP,0.71,UP,1,1
1879,TSLA,UP,0.74,UP,0.74,DOWN,0,0
1880,TSLA,UP,0.71,UP,0.71,UP,1,1
1881,TSLA,UP,0.76,UP,0.76,DOWN,0,0
1882,TSLA,UP,0.74,UP,0.74,DOWN,0,0
1883,TSLA,UP,0.71,UP,0.71,DOWN,0,0
1884,TSLA,UP,0.74,UP,0.74,UP,1,1
1885,TSLA,UP,0.71,UP,0.71,DOWN,0,0
1886,TSLA,UP,0.71,UP,0.71,UP,1,1
1887,TSLA,UP,0.71,UP,0.71,UP,1,1
1888,TSLA,UP,0.71,UP,0.71,DOWN,0,0
1889,TSLA,UP,0.74,UP,0.74,UP,1,1
1890,TSLA,UP,0.79,UP,0.79,DOWN,0,0
1891,TSLA,UP,0.76,UP,0.76,UP,1,1
1892,TSLA,UP,0.79,UP,0.79,UP,1,1
1893,TSLA,UP,0.76,UP,0.76,UP,1,1
1894,TSLA,UP,0.76,UP,0.76,DOWN,0,0
1895,TSLA,UP,0.76,UP,0.76,UP,1,1
1896,TSLA,UP,0.76,UP,0.76,DOWN,0,0
1897,TSLA,UP,0.74,UP,0.74,UP,1,1
1898,TSLA,UP,0.79,UP,0.79,DOWN,0,0
1899,TSLA,UP,0.71,UP,0.71,DOWN,0,0
1900,TSLA,UP,0.74,UP,0.74,DOWN,0,0
1901,TSLA,UP,0.74,UP,0.74,HOLD,0,0
1902,TSLA,UP,0.71,UP,0.71,UP,1,1
1903,TSLA,UP,0.74,UP,0.74,DOWN,0,0
1904,TSLA,UP,0.74,UP,0.74,UP,1,1
1905,TSLA,UP,0.79,UP,0.79,UP,1,1
1906,TSLA,UP,0.79,UP,0.79,DOWN,0,0
1907,TSLA,UP,0.76,UP,0.76,UP,1,1
1908,TSLA,UP,0.76,UP,0.76,UP,1,1
1909,TSLA,UP,0.79,UP,0.79,UP,1,1
1910,TSLA,UP,0.79,UP,0.79,UP,1,1
1911,TSLA,UP,0.71,UP,0.71,HOLD,0,0
1912,TSLA,UP,0.76,UP,0.76,DOWN,0,0
1913,TSLA,UP,0.76,UP,0.76,HOLD,0,0
1914,TSLA,UP,0.79,UP,0.79,HOLD,0,0
1915,TSLA,UP,0.74,UP,0.74,UP,1,1
1916,TSLA,UP,0.79,UP,0.79,DOWN,0,0
1917,TSLA,UP,0.76,UP,0.76,UP,1,1
1918,TSLA,UP,0.76,UP,0.76,UP,1,1
1919,TSLA,UP,0.79,UP,0.79,UP,1,1
1920,TSLA,UP,0.76,UP,0.76,DOWN,0,0
1921,TSLA,UP,0.79,UP,0.79,UP,1,1
1922,TSLA,UP,0.79,UP,0.79,HOLD,0,0
1923,TSLA,UP,0.79,UP,0.79,DOWN,0,0
1924,TSLA,UP,0.79,UP,0.79,DOWN,0,0
1925,TSLA,UP,0.74,UP,0.74,DOWN,0,0
1926,TSLA,UP,0.71,UP,0.71,UP,1,1
1927,TSLA,UP,0.74,UP,0.74,DOWN,0,0
1928,TSLA,UP,0.71,UP,0.71,UP,1,1
1929,TSLA,UP,0.71,UP,0.71,DOWN,0,0
1930,TSLA,UP,0.74,UP,0.74,DOWN,0,0
1931,TSLA,UP,0.74,UP,0.74,DOWN,0,0
1932,TSLA,UP,0.74,UP,0.74,UP,1,1
1933,TSLA,UP,0.71,UP,0.71,HOLD,0,0
1934,TSLA,UP,0.71,UP,0.71,UP,1,1
1935,TSLA,UP,0.71,UP,0.71,HOLD,0,0
1936,TSLA,UP,0.74,UP,0.74,HOLD,0,0
1937,TSLA,UP,0.76,UP,0.76,DOWN,0,0
1938,TSLA,UP,0.71,UP,0.71,HOLD,0,0
1939,TSLA,UP,0.71,UP,0.71,DOWN,0,0
1940,TSLA,UP,0.74,UP,0.74,UP,1,1
1941,TSLA,UP,0.79,UP,0.79,UP,1,1
1942,TSLA,UP,0.76,UP,0.76,DOWN,0,0
1943,TSLA,UP,0.76,UP,0.76,DOWN,0,0
1944,TSLA,UP,0.76,UP,0.76,DOWN,0,0
1945,TSLA,UP,0.76,UP,0.76,DOWN,0,0
1946,TSLA,UP,0.74,UP,0.74,HOLD,0,0
1947,TSLA,UP,0.71,UP,0.71,DOWN,0,0
1948,TSLA,UP,0.74,UP,0.74,UP,1,1
1949,TSLA,UP,0.74,UP,0.74,UP,1,1
1950,TSLA,UP,0.79,UP,0.79,UP,1,1
1951,TSLA,UP,0.76,UP,0.76,UP,1,1
1952,TSLA,UP,0.79,UP,0.79,UP,1,1
1953,TSLA,UP,0.79,UP,0.79,DOWN,0,0
1954,TSLA,UP,0.76,UP,0.76,UP,1,1
1955,TSLA,UP,0.76,UP,0.76,DOWN,0,0
1956,TSLA,UP,0.76,UP,0.76,UP,1,1
1957,TSLA,UP,0.71,UP,0.71,UP,1,1
1958,TSLA,UP,0.74,UP,0.74,UP,1,1
1959,TSLA,UP,0.76,UP,0.76,DOWN,0,0
1960,TSLA,UP,0.76,UP,0.76,DOWN,0,0
1961,TSLA,UP,0.76,UP,0.76,UP,1,1
1962,TSLA,UP,0.79,UP,0.79,DOWN,0,0
1963,TSLA,UP,0.74,UP,0.74,HOLD,0,0
1964,TSLA,UP,0.71,UP,0.71,DOWN,0,0
1965,TSLA,UP,0.71,UP,0.71,UP,1,1
1966,TSLA,UP,0.76,UP,0.76,UP,1,1
1967,TSLA,UP,0.79,UP,0.79,DOWN,0,0
1968,TSLA,UP,0.76,UP,0.76,UP,1,1
1969,TSLA,UP,0.76,UP,0.76,UP,1,1
1970,TSLA,UP,0.79,UP,0.79,UP,1,1
1971,TSLA,UP,0.79,UP,0.79,HOLD,0,0
1972,TSLA,UP,0.79,UP,0.79,UP,1,1
1973,TSLA,UP,0.79,UP,0.79,UP,1,1
1974,TSLA,UP,0.79,UP,0.79,DOWN,0,0
1975,TSLA,UP,0.76,UP,0.76,UP,1,1
1976,TSLA,UP,0.79,UP,0.79,UP,1,1
1977,TSLA,UP,0.79,UP,0.79,UP,1,1
1978,TSLA,UP,0.79,UP,0.79,DOWN,0,0
1979,TSLA,UP,0.79,UP,0.79,DOWN,0,0
1980,TSLA,UP,0.76,UP,0.76,DOWN,0,0
1981,TSLA,UP,0.74,UP,0.74,UP,1,1
1982,TSLA,UP,0.71,UP,0.71,UP,1,1
1983,TSLA,UP,0.71,UP,0.71,DOWN,0,0
1984,TSLA,UP,0.79,UP,0.79,DOWN,0,0
1985,TSLA,UP,0.74,UP,0.74,DOWN,0,0
1986,TSLA,UP,0.71,UP,0.71,DOWN,0,0
1987,TSLA,UP,0.74,UP,0.74,DOWN,0,0
1988,TSLA,UP,0.74,UP,0.74,UP,1,1
1989,TSLA,UP,0.71,UP,0.71,HOLD,0,0
1990,TSLA,UP,0.71,UP,0.71,DOWN,0,0
1991,TSLA,UP,0.71,UP,0.71,HOLD,0,0
1992,TSLA,UP,0.71,UP,0.71,HOLD,0,0
1993,TSLA,UP,0.76,UP,0.76,UP,1,1
1994,TSLA,UP,0.74,UP,0.74,DOWN,0,0
1995,TSLA,UP,0.74,UP,0.74,UP,1,1
1996,TSLA,UP,0.76,UP,0.76,DOWN,0,0
1997,TSLA,UP,0.76,UP,0.76,UP,1,1
1998,TSLA,UP,0.79,UP,0.79,DOWN,0,0
1999,TSLA,UP,0.76,UP,0.76,DOWN,0,0
2000,TSLA,UP,0.76,UP,0.76,DOWN,0,0
2001,TSLA,UP,0.71,UP,0.71,DOWN,0,0
2002,TSLA,UP,0.74,UP,0.74,DOWN,0,0
2003,TSLA,UP,0.74,UP,0.74,HOLD,0,0
2004,TSLA,UP,0.71,UP,0.71,DOWN,0,0
2005,TSLA,UP,0.74,UP,0.74,UP,1,1
2006,TSLA,UP,0.74,UP,0.74,UP,1,1
2007,TSLA,UP,0.71,UP,0.71,DOWN,0,0
2008,TSLA,UP,0.74,UP,0.74,UP,1,1
2009,TSLA,UP,0.71,UP,0.71,DOWN,0,0
2010,TSLA,UP,0.74,UP,0.74,DOWN,0,0
2011,TSLA,UP,0.74,UP,0.74,DOWN,0,0
2012,TSLA,UP,0.71,UP,0.71,DOWN,0,0
2013,TSLA,UP,0.74,UP,0.74,DOWN,0,0
2014,TSLA,UP,0.74,UP,0.74,UP,1,1
2015,TSLA,UP,0.71,UP,0.71,UP,1,1
2016,TSLA,UP,0.71,UP,0.71,HOLD,0,0
2017,TSLA,UP,0.71,UP,0.71,HOLD,0,0
2018,TSLA,UP,0.76,UP,0.76,UP,1,1
2019,TSLA,UP,0.79,UP,0.79,DOWN,0,0
2020,TSLA,UP,0.76,UP,0.76,DOWN,0,0
2021,TSLA,UP,0.74,UP,0.74,DOWN,0,0
2022,TSLA,UP,0.74,UP,0.74,DOWN,0,0
2023,TSLA,UP,0.74,UP,0.74,DOWN,0,0
2024,TSLA,UP,0.71,UP,0.71,DOWN,0,0
2025,TSLA,UP,0.74,UP,0.74,UP,1,1
2026,TSLA,UP,0.74,UP,0.74,DOWN,0,0
2027,TSLA,UP,0.71,UP,0.71,DOWN,0,0
2028,TSLA,UP,0.74,UP,0.74,UP,1,1
2029,TSLA,UP,0.71,UP,0.71,DOWN,0,0
2030,TSLA,UP,0.74,UP,0.74,HOLD,0,0
2031,TSLA,UP,0.74,UP,0.74,DOWN,0,0
2032,TSLA,UP,0.74,UP,0.74,UP,1,1
2033,TSLA,UP,0.71,UP,0.71,UP,1,1
2034,TSLA,UP,0.71,UP,0.71,DOWN,0,0
2035,TSLA,UP,0.71,UP,0.71,UP,1,1
2036,TSLA,UP,0.71,UP,0.71,DOWN,0,0
2037,TSLA,UP,0.79,UP,0.79,DOWN,0,0
2038,TSLA,UP,0.71,UP,0.71,UP,1,1
2039,TSLA,UP,0.74,UP,0.74,HOLD,0,0
2040,TSLA,UP,0.71,UP,0.71,UP,1,1
2041,TSLA,UP,0.74,UP,0.74,UP,1,1
2042,TSLA,UP,0.79,UP,0.79,UP,1,1
2043,TSLA,UP,0.76,UP,0.76,DOWN,0,0
2044,TSLA,UP,0.79,UP,0.79,HOLD,0,0
2045,TSLA,UP,0.79,UP,0.79,DOWN,0,0
2046,TSLA,UP,0.76,UP,0.76,DOWN,0,0
2047,TSLA,UP,0.74,UP,0.74,UP,1,1
2048,TSLA,UP,0.74,UP,0.74,UP,1,1
2049,TSLA,UP,0.79,UP,0.79,DOWN,0,0
2050,TSLA,UP,0.71,UP,0.71,DOWN,0,0
2051,TSLA,UP,0.74,UP,0.74,DOWN,0,0
2052,TSLA,UP,0.74,UP,0.74,DOWN,0,0
2053,TSLA,UP,0.71,UP,0.71,UP,1,1
2054,TSLA,UP,0.74,UP,0.74,DOWN,0,0
2055,TSLA,UP,0.71,UP,0.71,HOLD,0,0
2056,TSLA,UP,0.76,UP,0.76,HOLD,0,0
2057,TSLA,UP,0.76,UP,0.76,UP,1,1
2058,TSLA,UP,0.76,UP,0.76,DOWN,0,0
2059,TSLA,UP,0.74,UP,0.74,HOLD,0,0
2060,TSLA,UP,0.71,UP,0.71,DOWN,0,0
2061,TSLA,UP,0.74,UP,0.74,UP,1,1
2062,TSLA,UP,0.74,UP,0.74,UP,1,1
2063,TSLA,UP,0.74,UP,0.74,UP,1,1
2064,TSLA,UP,0.76,UP,0.76,UP,1,1
2065,TSLA,UP,0.79,UP,0.79,HOLD,0,0
2066,TSLA,UP,0.76,UP,0.76,UP,1,1
2067,TSLA,UP,0.76,UP,0.76,DOWN,0,0
2068,TSLA,UP,0.79,UP,0.79,DOWN,0,0
2069,TSLA,UP,0.76,UP,0.76,UP,1,1
2070,TSLA,UP,0.79,UP,0.79,DOWN,0,0
2071,TSLA,UP,0.71,UP,0.71,DOWN,0,0
2072,TSLA,UP,0.71,UP,0.71,HOLD,0,0
2073,TSLA,UP,0.71,UP,0.71,UP,1,1
2074,TSLA,UP,0.79,UP,0.79,UP,1,1
2075,TSLA,UP,0.79,UP,0.79,UP,1,1
2076,TSLA,UP,0.76,UP,0.76,UP,1,1
2077,TSLA,UP,0.79,UP,0.79,UP,1,1
2078,TSLA,UP,0.79,UP,0.79,DOWN,0,0
2079,TSLA,UP,0.76,UP,0.76,UP,1,1
2080,TSLA,UP,0.76,UP,0.76,DOWN,0,0
2081,TSLA,UP,0.76,UP,0.76,UP,1,1
2082,TSLA,UP,0.79,UP,0.79,DOWN,0,0
2083,TSLA,UP,0.71,UP,0.71,UP,1,1
2084,TSLA,UP,0.71,UP,0.71,HOLD,0,0
2085,TSLA,UP,0.71,UP,0.71,UP,1,1
2086,TSLA,UP,0.79,UP,0.79,DOWN,0,0
2087,TSLA,UP,0.76,UP,0.76,HOLD,0,0
2088,TSLA,UP,0.76,UP,0.76,DOWN,0,0
2089,TSLA,UP,0.79,UP,0.79,DOWN,0,0
2090,TSLA,UP,0.76,UP,0.76,HOLD,0,0
2091,TSLA,UP,0.74,UP,0.74,DOWN,0,0
2092,TSLA,UP,0.71,UP,0.71,DOWN,0,0
2093,TSLA,UP,0.74,UP,0.74,UP,1,1
2094,TSLA,UP,0.71,UP,0.71,UP,1,1
2095,TSLA,UP,0.71,UP,0.71,UP,1,1
2096,TSLA,UP,0.74,UP,0.74,HOLD,0,0
2097,TSLA,UP,0.71,UP,0.71,DOWN,0,0
2098,TSLA,UP,0.76,UP,0.76,UP,1,1
2099,TSLA,UP,0.79,UP,0.79,UP,1,1
2100,TSLA,UP,0.76,UP,0.76,DOWN,0,0
2101,TSLA,UP,0.74,UP,0.74,UP,1,1
2102,TSLA,UP,0.74,UP,0.74,HOLD,0,0
2103,TSLA,UP,0.79,UP,0.79,UP,1,1
2104,TSLA,UP,0.79,UP,0.79,DOWN,0,0
2105,TSLA,UP,0.76,UP,0.76,DOWN,0,0
2106,TSLA,UP,0.79,UP,0.79,DOWN,0,0
2107,TSLA,UP,0.76,UP,0.76,DOWN,0,0
2108,TSLA,UP,0.79,UP,0.79,DOWN,0,0
2109,TSLA,UP,0.71,UP,0.71,DOWN,0,0
2110,TSLA,UP,0.74,UP,0.74,UP,1,1
2111,TSLA,UP,0.71,UP,0.71,HOLD,0,0
2112,TSLA,UP,0.71,UP,0.71,DOWN,0,0
2113,TSLA,UP,0.74,UP,0.74,UP,1,1
2114,TSLA,UP,0.71,UP,0.71,DOWN,0,0
2115,TSLA,UP,0.71,UP,0.71,UP,1,1
2116,TSLA,UP,0.74,UP,0.74,UP,1,1
2117,TSLA,UP,0.71,UP,0.71,UP,1,1
2118,TSLA,UP,0.76,UP,0.76,DOWN,0,0
2119,TSLA,UP,0.76,UP,0.76,UP,1,1
2120,TSLA,UP,0.79,UP,0.79,DOWN,0,0
2121,TSLA,UP,0.76,UP,0.76,UP,1,1
2122,TSLA,UP,0.79,UP,0.79,HOLD,0,0
2123,TSLA,UP,0.76,UP,0.76,UP,1,1
2124,TSLA,UP,0.79,UP,0.79,HOLD,0,0
2125,TSLA,UP,0.79,UP,0.79,DOWN,0,0
2126,TSLA,UP,0.74,UP,0.74,UP,1,1
2127,TSLA,UP,0.71,UP,0.71,UP,1,1
2128,TSLA,UP,0.71,UP,0.71,DOWN,0,0
2129,TSLA,UP,0.71,UP,0.71,DOWN,0,0
2130,TSLA,UP,0.71,UP,0.71,DOWN,0,0
2131,TSLA,UP,0.79,UP,0.79,DOWN,0,0
2132,TSLA,UP,0.74,UP,0.74,UP,1,1
2133,TSLA,UP,0.71,UP,0.71,HOLD,0,0
2134,TSLA,UP,0.71,UP,0.71,UP,1,1
2135,TSLA,UP,0.79,UP,0.79,UP,1,1
2136,TSLA,UP,0.76,UP,0.76,UP,1,1
2137,TSLA,UP,0.79,UP,0.79,UP,1,1
2138,TSLA,UP,0.79,UP,0.79,UP,1,1
2139,TSLA,UP,0.76,UP,0.76,HOLD,0,0
2140,TSLA,UP,0.76,UP,0.76,DOWN,0,0
2141,TSLA,UP,0.79,UP,0.79,DOWN,0,0
2142,TSLA,UP,0.76,UP,0.76,UP,1,1
2143,TSLA,UP,0.71,UP,0.71,DOWN,0,0
2144,TSLA,UP,0.74,UP,0.74,DOWN,0,0
2145,TSLA,UP,0.74,UP,0.74,DOWN,0,0
2146,TSLA,UP,0.71,UP,0.71,UP,1,1
2147,TSLA,UP,0.79,UP,0.79,UP,1,1
2148,TSLA,UP,0.76,UP,0.76,UP,1,1
2149,TSLA,UP,0.76,UP,0.76,DOWN,0,0
2150,TSLA,UP,0.76,UP,0.76,DOWN,0,0
2151,TSLA,UP,0.79,UP,0.79,DOWN,0,0
2152,TSLA,UP,0.74,UP,0.74,DOWN,0,0
2153,TSLA,UP,0.71,UP,0.71,UP,1,1
2154,TSLA,UP,0.74,UP,0.74,UP,1,1
2155,TSLA,UP,0.71,UP,0.71,UP,1,1
2156,TSLA,UP,0.79,UP,0.79,DOWN,0,0
2157,TSLA,UP,0.76,UP,0.76,HOLD,0,0
2158,TSLA,UP,0.76,UP,0.76,HOLD,0,0
2159,TSLA,UP,0.79,UP,0.79,UP,1,1
2160,TSLA,UP,0.79,UP,0.79,UP,1,1
2161,TSLA,UP,0.79,UP,0.79,UP,1,1
2162,TSLA,UP,0.76,UP,0.76,UP,1,1
2163,TSLA,UP,0.76,UP,0.76,UP,1,1
2164,TSLA,UP,0.79,UP,0.79,DOWN,0,0
2165,TSLA,UP,0.76,UP,0.76,UP,1,1
2166,TSLA,UP,0.79,UP,0.79,UP,1,1
2167,TSLA,UP,0.79,UP,0.79,DOWN,0,0
2168,TSLA,UP,0.76,UP,0.76,UP,1,1
2169,TSLA,UP,0.79,UP,0.79,DOWN,0,0
2170,TSLA,UP,0.79,UP,0.79,UP,1,1
2171,TSLA,UP,0.79,UP,0.79,UP,1,1
2172,TSLA,UP,0.76,UP,0.76,HOLD,0,0
2173,TSLA,UP,0.76,UP,0.76,UP,1,1
2174,TSLA,UP,0.79,UP,0.79,DOWN,0,0
2175,TSLA,UP,0.79,UP,0.79,DOWN,0,0
2176,TSLA,UP,0.71,UP,0.71,UP,1,1
2177,TSLA,UP,0.76,UP,0.76,DOWN,0,0
2178,TSLA,UP,0.74,UP,0.74,UP,1,1
2179,TSLA,UP,0.71,UP,0.71,DOWN,0,0
2180,TSLA,UP,0.71,UP,0.71,DOWN,0,0
2181,TSLA,UP,0.74,UP,0.74,UP,1,1
2182,TSLA,UP,0.71,UP,0.71,DOWN,0,0
2183,TSLA,UP,0.71,UP,0.71,UP,1,1
2184,TSLA,UP,0.71,UP,0.71,DOWN,0,0
2185,TSLA,UP,0.74,UP,0.74,UP,1,1
2186,TSLA,UP,0.79,UP,0.79,UP,1,1
2187,TSLA,UP,0.76,UP,0.76,DOWN,0,0
2188,TSLA,UP,0.76,UP,0.76,DOWN,0,0
2189,TSLA,UP,0.79,UP,0.79,UP,1,1
2190,TSLA,UP,0.79,UP,0.79,DOWN,0,0
2191,TSLA,UP,0.71,UP,0.71,UP,1,1
2192,TSLA,UP,0.79,UP,0.79,UP,1,1
2193,TSLA,UP,0.76,UP,0.76,HOLD,0,0
2194,TSLA,UP,0.76,UP,0.76,DOWN,0,0
2195,TSLA,UP,0.74,UP,0.74,UP,1,1
2196,TSLA,UP,0.79,UP,0.79,UP,1,1
2197,TSLA,UP,0.79,UP,0.79,DOWN,0,0
2198,TSLA,UP,0.74,UP,0.74,UP,1,1
2199,TSLA,UP,0.76,UP,0.76,DOWN,0,0
2200,TSLA,UP,0.79,UP,0.79,DOWN,0,0
2201,TSLA,UP,0.71,UP,0.71,UP,1,1
2202,TSLA,UP,0.71,UP,0.71,DOWN,0,0
2203,TSLA,UP,0.71,UP,0.71,DOWN,0,0
2204,TSLA,UP,0.71,UP,0.71,DOWN,0,0
2205,TSLA,UP,0.74,UP,0.74,UP,1,1
2206,TSLA,UP,0.71,UP,0.71,UP,1,1
2207,TSLA,UP,0.71,UP,0.71,DOWN,0,0
2208,TSLA,UP,0.71,UP,0.71,UP,1,1
2209,TSLA,UP,0.71,UP,0.71,DOWN,0,0
2210,TSLA,UP,0.74,UP,0.74,DOWN,0,0
2211,TSLA,UP,0.71,UP,0.71,UP,1,1
2212,TSLA,UP,0.76,UP,0.76,HOLD,0,0
2213,TSLA,UP,0.76,UP,0.76,UP,1,1
2214,TSLA,UP,0.76,UP,0.76,UP,1,1
2215,TSLA,UP,0.76,UP,0.76,HOLD,0,0
2216,TSLA,UP,0.79,UP,0.79,HOLD,0,0
2217,TSLA,UP,0.79,UP,0.79,UP,1,1
2218,TSLA,UP,0.79,UP,0.79,UP,1,1
2219,TSLA,UP,0.76,UP,0.76,HOLD,0,0
2220,TSLA,UP,0.76,UP,0.76,DOWN,0,0
2221,TSLA,UP,0.79,UP,0.79,UP,1,1
2222,TSLA,UP,0.76,UP,0.76,UP,1,1
2223,TSLA,UP,0.79,UP,0.79,DOWN,0,0
2224,TSLA,UP,0.71,UP,0.71,UP,1,1
2225,TSLA,UP,0.79,UP,0.79,UP,1,1
2226,TSLA,UP,0.79,UP,0.79,UP,1,1
2227,TSLA,UP,0.76,UP,0.76,DOWN,0,0
2228,TSLA,UP,0.76,UP,0.76,UP,1,1
2229,TSLA,UP,0.76,UP,0.76,HOLD,0,0
2230,TSLA,UP,0.79,UP,0.79,UP,1,1
2231,TSLA,UP,0.76,UP,0.76,DOWN,0,0
2232,TSLA,UP,0.71,UP,0.71,HOLD,0,0
2233,TSLA,UP,0.76,UP,0.76,DOWN,0,0
2234,TSLA,UP,0.74,UP,0.74,DOWN,0,0
2235,TSLA,UP,0.74,UP,0.74,DOWN,0,0
